-- MySQL Script generated by MySQL Workbench
-- Sun May 19 21:20:12 2019
-- Model: Source DB Fondas    Version: 2.2

-- 
-- https://github.com/EdwinBetanc0urt/sis_FONDAS/
-- 

-- MySQL Workbench Forward Engineering

SET @OLD_UNIQUE_CHECKS=@@UNIQUE_CHECKS, UNIQUE_CHECKS=0;
SET @OLD_FOREIGN_KEY_CHECKS=@@FOREIGN_KEY_CHECKS, FOREIGN_KEY_CHECKS=0;
SET @OLD_SQL_MODE=@@SQL_MODE, SQL_MODE='TRADITIONAL,ALLOW_INVALID_DATES';

-- -----------------------------------------------------
-- Schema sis_fondas
-- -----------------------------------------------------
DROP SCHEMA IF EXISTS `sis_fondas` ;

-- -----------------------------------------------------
-- Schema sis_fondas
-- -----------------------------------------------------
CREATE SCHEMA IF NOT EXISTS `sis_fondas` DEFAULT CHARACTER SET utf8 COLLATE utf8_spanish_ci ;
SHOW WARNINGS;
USE `sis_fondas` ;

-- -----------------------------------------------------
-- Table `sis_fondas`.`testado`
-- -----------------------------------------------------
DROP TABLE IF EXISTS `sis_fondas`.`testado` ;

SHOW WARNINGS;
CREATE TABLE IF NOT EXISTS `sis_fondas`.`testado` (
  `idestado` INT(11) NOT NULL AUTO_INCREMENT,
  `nombre` VARCHAR(120) NOT NULL,
  `estatus` CHAR(12) NOT NULL DEFAULT 'activo',
  `idusuario` CHAR(11) NULL,
  PRIMARY KEY (`idestado`))
ENGINE = InnoDB
DEFAULT CHARACTER SET = utf8
COLLATE = utf8_spanish_ci;

SHOW WARNINGS;

-- -----------------------------------------------------
-- Table `sis_fondas`.`tmunicipio`
-- -----------------------------------------------------
DROP TABLE IF EXISTS `sis_fondas`.`tmunicipio` ;

SHOW WARNINGS;
CREATE TABLE IF NOT EXISTS `sis_fondas`.`tmunicipio` (
  `idmunicipio` INT(11) NOT NULL AUTO_INCREMENT,
  `nombre` VARCHAR(120) NOT NULL,
  `idestado` INT(11) NOT NULL,
  `estatus` CHAR(12) NOT NULL DEFAULT 'activo',
  `idusuario` CHAR(11) NULL COMMENT 'columna utilizada para la bitacora',
  PRIMARY KEY (`idmunicipio`),
  INDEX `idestado` (`idestado` ASC),
  CONSTRAINT `tmunicipio_ibfk_1`
    FOREIGN KEY (`idestado`)
    REFERENCES `sis_fondas`.`testado` (`idestado`))
ENGINE = InnoDB
DEFAULT CHARACTER SET = utf8
COLLATE = utf8_spanish_ci;

SHOW WARNINGS;

-- -----------------------------------------------------
-- Table `sis_fondas`.`tparroquia`
-- -----------------------------------------------------
DROP TABLE IF EXISTS `sis_fondas`.`tparroquia` ;

SHOW WARNINGS;
CREATE TABLE IF NOT EXISTS `sis_fondas`.`tparroquia` (
  `idparroquia` INT(11) NOT NULL AUTO_INCREMENT,
  `nombre` VARCHAR(120) NOT NULL,
  `idmunicipio` INT(11) NOT NULL,
  `estatus` CHAR(12) NOT NULL DEFAULT 'activo',
  `idusuario` CHAR(11) NULL COMMENT 'columna utilizada para la bitacora',
  PRIMARY KEY (`idparroquia`),
  INDEX `idmunicipio` (`idmunicipio` ASC),
  CONSTRAINT `tparroquia_ibfk_1`
    FOREIGN KEY (`idmunicipio`)
    REFERENCES `sis_fondas`.`tmunicipio` (`idmunicipio`))
ENGINE = InnoDB
DEFAULT CHARACTER SET = utf8
COLLATE = utf8_spanish_ci;

SHOW WARNINGS;

-- -----------------------------------------------------
-- Table `sis_fondas`.`tpersonas`
-- -----------------------------------------------------
DROP TABLE IF EXISTS `sis_fondas`.`tpersonas` ;

SHOW WARNINGS;
CREATE TABLE IF NOT EXISTS `sis_fondas`.`tpersonas` (
  `idpersona` INT(11) NOT NULL AUTO_INCREMENT,
  `nacionalidad` CHAR(1) NOT NULL,
  `cedula` CHAR(10) NOT NULL,
  `rif` INT(1) NULL,
  `nombre` VARCHAR(50) NULL,
  `seg_nombre` VARCHAR(45) NULL,
  `apellido` VARCHAR(50) NULL,
  `seg_apellido` VARCHAR(45) NULL,
  `sexo` CHAR(1) NULL,
  `edo_civil` VARCHAR(25) NULL DEFAULT NULL,
  `fecha_naci` DATE NULL,
  `tel_mov` CHAR(12) NULL,
  `tel_fijo` CHAR(12) NULL DEFAULT NULL,
  `correo` VARCHAR(50) NULL DEFAULT NULL,
  `direccion` VARCHAR(100) NULL,
  `idparroquia` INT(11) NULL,
  `condicion` CHAR(12) NULL,
  `estatus` CHAR(12) NOT NULL DEFAULT 'activo',
  `idusuario` CHAR(11) NULL COMMENT 'columna utilizada para la bitacora',
  PRIMARY KEY (`idpersona`),
  UNIQUE INDEX `cedula` (`cedula` ASC),
  INDEX `idparroquia` (`idparroquia` ASC),
  CONSTRAINT `tpersonas_ibfk_1`
    FOREIGN KEY (`idparroquia`)
    REFERENCES `sis_fondas`.`tparroquia` (`idparroquia`))
ENGINE = InnoDB
DEFAULT CHARACTER SET = utf8
COLLATE = utf8_spanish_ci;

SHOW WARNINGS;

-- -----------------------------------------------------
-- Table `sis_fondas`.`tdepartamento`
-- -----------------------------------------------------
DROP TABLE IF EXISTS `sis_fondas`.`tdepartamento` ;

SHOW WARNINGS;
CREATE TABLE IF NOT EXISTS `sis_fondas`.`tdepartamento` (
  `iddepartamento` INT(11) NOT NULL AUTO_INCREMENT,
  `nombre` VARCHAR(45) CHARACTER SET 'utf8' COLLATE 'utf8_spanish_ci' NOT NULL,
  `descripcion` VARCHAR(100) CHARACTER SET 'utf8' COLLATE 'utf8_spanish_ci' NULL,
  `idtrabajador` INT(11) NULL,
  `estatus` CHAR(12) CHARACTER SET 'utf8' COLLATE 'utf8_spanish_ci' NOT NULL DEFAULT 'activo',
  `idusuario` CHAR(11) NULL,
  PRIMARY KEY (`iddepartamento`),
  INDEX `idtrabajador` (`idtrabajador` ASC),
  CONSTRAINT `tdepartamento_ibfk_1`
    FOREIGN KEY (`idtrabajador`)
    REFERENCES `sis_fondas`.`ttrabajador` (`idtrabajador`))
ENGINE = InnoDB
DEFAULT CHARACTER SET = utf8
COLLATE = utf8_spanish_ci;

SHOW WARNINGS;

-- -----------------------------------------------------
-- Table `sis_fondas`.`tcargo`
-- -----------------------------------------------------
DROP TABLE IF EXISTS `sis_fondas`.`tcargo` ;

SHOW WARNINGS;
CREATE TABLE IF NOT EXISTS `sis_fondas`.`tcargo` (
  `idcargo` INT(11) NOT NULL AUTO_INCREMENT,
  `nombre` VARCHAR(45) CHARACTER SET 'utf8' COLLATE 'utf8_spanish_ci' NOT NULL,
  `descripcion` VARCHAR(100) CHARACTER SET 'utf8' COLLATE 'utf8_spanish_ci' NULL,
  `estatus` CHAR(12) CHARACTER SET 'utf8' COLLATE 'utf8_slovenian_ci' NOT NULL DEFAULT 'activo',
  `iddepartamento` INT(11) NOT NULL,
  `idusuario` CHAR(11) NULL COMMENT 'columna utilizada para la bitacora',
  PRIMARY KEY (`idcargo`),
  INDEX `fk_tcargo_tdepartamento1_idx` (`iddepartamento` ASC),
  CONSTRAINT `fk_tcargo_tdepartamento1`
    FOREIGN KEY (`iddepartamento`)
    REFERENCES `sis_fondas`.`tdepartamento` (`iddepartamento`)
    ON DELETE NO ACTION
    ON UPDATE NO ACTION)
ENGINE = InnoDB
DEFAULT CHARACTER SET = utf8
COLLATE = utf8_spanish_ci;

SHOW WARNINGS;

-- -----------------------------------------------------
-- Table `sis_fondas`.`tjornada`
-- -----------------------------------------------------
DROP TABLE IF EXISTS `sis_fondas`.`tjornada` ;

SHOW WARNINGS;
CREATE TABLE IF NOT EXISTS `sis_fondas`.`tjornada` (
  `idjornada` INT(11) NOT NULL AUTO_INCREMENT,
  `nombre` VARCHAR(45) CHARACTER SET 'utf8' COLLATE 'utf8_spanish_ci' NOT NULL,
  `descripcion` VARCHAR(255) NULL,
  `cant_turnos` INT(1) NULL DEFAULT 2,
  `hora_inicio` TIME NOT NULL,
  `hora_fin` TIME NOT NULL,
  `hora_inicio2` TIME NULL,
  `hora_fin2` TIME NULL,
  `observacion` VARCHAR(255) NULL,
  `estatus` CHAR(12) CHARACTER SET 'utf8' COLLATE 'utf8_spanish_ci' NOT NULL DEFAULT 'activo',
  `idusuario` CHAR(11) NULL COMMENT 'columna utilizada para la bitacora',
  PRIMARY KEY (`idjornada`))
ENGINE = InnoDB
DEFAULT CHARACTER SET = utf8
COLLATE = utf8_spanish_ci;

SHOW WARNINGS;

-- -----------------------------------------------------
-- Table `sis_fondas`.`ttrabajador`
-- -----------------------------------------------------
DROP TABLE IF EXISTS `sis_fondas`.`ttrabajador` ;

SHOW WARNINGS;
CREATE TABLE IF NOT EXISTS `sis_fondas`.`ttrabajador` (
  `idtrabajador` INT(11) NOT NULL AUTO_INCREMENT,
  `cod_trabajador` VARCHAR(45) NULL,
  `fecha_ingreso` DATE NOT NULL,
  `fecha_egreso` DATE NULL,
  `estatus` CHAR(12) CHARACTER SET 'utf8' COLLATE 'utf8_spanish_ci' NOT NULL DEFAULT 'activo',
  `condicion_trabajador` INT(11) NULL DEFAULT '0',
  `idpersona` INT(11) NOT NULL,
  `jefe_departamento` CHAR(2) NULL DEFAULT 'no',
  `idcargo` INT(11) NOT NULL,
  `idjornada` INT(11) NULL,
  `idusuario` CHAR(11) NULL,
  PRIMARY KEY (`idtrabajador`),
  INDEX `idpersona` (`idpersona` ASC),
  INDEX `condicion_trabajador` (`condicion_trabajador` ASC),
  INDEX `fk_ttrabajador_tcargo1_idx` (`idcargo` ASC),
  INDEX `fk_ttrabajador_tjornada1_idx` (`idjornada` ASC),
  CONSTRAINT `ttrabajador_ibfk_3`
    FOREIGN KEY (`idpersona`)
    REFERENCES `sis_fondas`.`tpersonas` (`idpersona`),
  CONSTRAINT `fk_ttrabajador_tcargo1`
    FOREIGN KEY (`idcargo`)
    REFERENCES `sis_fondas`.`tcargo` (`idcargo`)
    ON DELETE NO ACTION
    ON UPDATE NO ACTION,
  CONSTRAINT `fk_ttrabajador_tjornada1`
    FOREIGN KEY (`idjornada`)
    REFERENCES `sis_fondas`.`tjornada` (`idjornada`)
    ON DELETE NO ACTION
    ON UPDATE NO ACTION)
ENGINE = InnoDB
DEFAULT CHARACTER SET = utf8
COLLATE = utf8_spanish_ci;

SHOW WARNINGS;

-- -----------------------------------------------------
-- Table `sis_fondas`.`tasistencia`
-- -----------------------------------------------------
DROP TABLE IF EXISTS `sis_fondas`.`tasistencia` ;

SHOW WARNINGS;
CREATE TABLE IF NOT EXISTS `sis_fondas`.`tasistencia` (
  `idasistencia` INT NOT NULL AUTO_INCREMENT,
  `fecha_elaboracion` TIMESTAMP NULL,
  `observacion` VARCHAR(255) NULL,
  `estatus` CHAR(12) NOT NULL DEFAULT 'activo',
  `condicion` CHAR(12) NULL DEFAULT 'abierto',
  `idtrabajador` INT(11) NOT NULL,
  `idsupervisor` INT(11) NULL,
  `idusuario` CHAR(11) NULL COMMENT 'columna utilizada para la bitacora',
  PRIMARY KEY (`idasistencia`),
  INDEX `fk_tasistencia_ttrabajador1_idx` (`idtrabajador` ASC),
  INDEX `fk_tasistencia_ttrabajador2_idx` (`idsupervisor` ASC),
  CONSTRAINT `fk_tasistencia_ttrabajador1`
    FOREIGN KEY (`idtrabajador`)
    REFERENCES `sis_fondas`.`ttrabajador` (`idtrabajador`)
    ON DELETE NO ACTION
    ON UPDATE NO ACTION,
  CONSTRAINT `fk_tasistencia_ttrabajador2`
    FOREIGN KEY (`idsupervisor`)
    REFERENCES `sis_fondas`.`ttrabajador` (`idtrabajador`)
    ON DELETE NO ACTION
    ON UPDATE NO ACTION)
ENGINE = InnoDB;

SHOW WARNINGS;

-- -----------------------------------------------------
-- Table `sis_fondas`.`ttipo_usuario`
-- -----------------------------------------------------
DROP TABLE IF EXISTS `sis_fondas`.`ttipo_usuario` ;

SHOW WARNINGS;
CREATE TABLE IF NOT EXISTS `sis_fondas`.`ttipo_usuario` (
  `idtipo_usuario` INT(11) NOT NULL AUTO_INCREMENT,
  `nombre` VARCHAR(100) NOT NULL,
  `estatus` CHAR(12) NOT NULL DEFAULT 'activo',
  `idusuario` CHAR(11) NULL COMMENT 'columna utilizada para la bitacora',
  PRIMARY KEY (`idtipo_usuario`))
ENGINE = InnoDB
DEFAULT CHARACTER SET = utf8
COLLATE = utf8_spanish_ci
COMMENT = 'roles del usuario';

SHOW WARNINGS;

-- -----------------------------------------------------
-- Table `sis_fondas`.`tusuario`
-- -----------------------------------------------------
DROP TABLE IF EXISTS `sis_fondas`.`tusuario` ;

SHOW WARNINGS;
CREATE TABLE IF NOT EXISTS `sis_fondas`.`tusuario` (
  `id_usuario` INT(11) NOT NULL AUTO_INCREMENT,
  `idpersona` INT(11) NOT NULL,
  `usuario` CHAR(50) NOT NULL,
  `intento_fallido` INT(2) NULL DEFAULT 0,
  `estatus` CHAR(12) NOT NULL DEFAULT 'activo',
  `tiempo_sesion` INT(10) NULL DEFAULT 600,
  `idtipo_usuario` INT(11) NOT NULL,
  `ultima_actividad` TIMESTAMP NULL DEFAULT CURRENT_TIMESTAMP ON UPDATE CURRENT_TIMESTAMP,
  `idusuario` CHAR(11) NULL COMMENT 'columna utilizada para la bitacora',
  PRIMARY KEY (`id_usuario`),
  UNIQUE INDEX `idpersona` (`idpersona` ASC),
  INDEX `fk_tusuario_ttipo_usuario1_idx` (`idtipo_usuario` ASC),
  CONSTRAINT `tusuario_ibfk_4`
    FOREIGN KEY (`idpersona`)
    REFERENCES `sis_fondas`.`tpersonas` (`idpersona`),
  CONSTRAINT `fk_tusuario_ttipo_usuario1`
    FOREIGN KEY (`idtipo_usuario`)
    REFERENCES `sis_fondas`.`ttipo_usuario` (`idtipo_usuario`)
    ON DELETE NO ACTION
    ON UPDATE NO ACTION)
ENGINE = InnoDB
DEFAULT CHARACTER SET = utf8
COLLATE = utf8_spanish_ci;

SHOW WARNINGS;

-- -----------------------------------------------------
-- Table `sis_fondas`.`tbitacora`
-- -----------------------------------------------------
DROP TABLE IF EXISTS `sis_fondas`.`tbitacora` ;

SHOW WARNINGS;
CREATE TABLE IF NOT EXISTS `sis_fondas`.`tbitacora` (
  `idbitacora` INT(11) NOT NULL AUTO_INCREMENT,
  `ip` VARCHAR(15) CHARACTER SET 'utf8' COLLATE 'utf8_spanish_ci' NULL,
  `so` VARCHAR(50) CHARACTER SET 'utf8' COLLATE 'utf8_spanish_ci' NULL,
  `navegador` VARCHAR(35) CHARACTER SET 'utf8' COLLATE 'utf8_spanish_ci' NULL,
  `fecha` TIMESTAMP NULL DEFAULT CURRENT_TIMESTAMP ON UPDATE CURRENT_TIMESTAMP,
  `usuario_aplicacion` INT(11) NULL,
  `idusuario` CHAR(11) NULL COMMENT 'columna utilizada para la bitacora',
  INDEX `fk_tauditoria_tusuario1_idx` (`usuario_aplicacion` ASC),
  PRIMARY KEY (`idbitacora`),
  CONSTRAINT `fk_tauditoria_tusuario1`
    FOREIGN KEY (`usuario_aplicacion`)
    REFERENCES `sis_fondas`.`tusuario` (`id_usuario`)
    ON DELETE NO ACTION
    ON UPDATE NO ACTION)
ENGINE = InnoDB
DEFAULT CHARACTER SET = utf8
COLLATE = utf8_spanish_ci;

SHOW WARNINGS;

-- -----------------------------------------------------
-- Table `sis_fondas`.`thistorial_clave`
-- -----------------------------------------------------
DROP TABLE IF EXISTS `sis_fondas`.`thistorial_clave` ;

SHOW WARNINGS;
CREATE TABLE IF NOT EXISTS `sis_fondas`.`thistorial_clave` (
  `idhistorial` INT(11) NOT NULL AUTO_INCREMENT,
  `id_usuario` INT(11) NOT NULL,
  `clave` TEXT NOT NULL,
  `fecha_creacion` TIMESTAMP NOT NULL DEFAULT CURRENT_TIMESTAMP,
  `estatus` CHAR(12) NOT NULL DEFAULT 'activo',
  `idusuario` CHAR(11) NULL COMMENT 'columna utilizada para la bitacora',
  PRIMARY KEY (`idhistorial`),
  INDEX `id_usuario` (`id_usuario` ASC),
  CONSTRAINT `thistorial_clave_ibfk_1`
    FOREIGN KEY (`id_usuario`)
    REFERENCES `sis_fondas`.`tusuario` (`id_usuario`))
ENGINE = InnoDB
DEFAULT CHARACTER SET = utf8
COLLATE = utf8_spanish_ci;

SHOW WARNINGS;

-- -----------------------------------------------------
-- Table `sis_fondas`.`tmodulos`
-- -----------------------------------------------------
DROP TABLE IF EXISTS `sis_fondas`.`tmodulos` ;

SHOW WARNINGS;
CREATE TABLE IF NOT EXISTS `sis_fondas`.`tmodulos` (
  `idmodulo` INT(11) NOT NULL AUTO_INCREMENT,
  `nombre` VARCHAR(100) NOT NULL,
  `icono` VARCHAR(100) NULL,
  `posicion` INT(1) NULL,
  `estatus` CHAR(12) NOT NULL DEFAULT 'activo',
  `idusuario` CHAR(11) NULL COMMENT 'columna utilizada para la bitacora',
  PRIMARY KEY (`idmodulo`))
ENGINE = InnoDB
DEFAULT CHARACTER SET = utf8
COLLATE = utf8_spanish_ci;

SHOW WARNINGS;

-- -----------------------------------------------------
-- Table `sis_fondas`.`tboton`
-- -----------------------------------------------------
DROP TABLE IF EXISTS `sis_fondas`.`tboton` ;

SHOW WARNINGS;
CREATE TABLE IF NOT EXISTS `sis_fondas`.`tboton` (
  `idboton` INT(11) NOT NULL AUTO_INCREMENT,
  `nombre` VARCHAR(100) NOT NULL,
  `descripcion` VARCHAR(50) NULL,
  `icono` VARCHAR(45) NULL,
  `orden` INT(2) NULL,
  `estatus` CHAR(12) NOT NULL DEFAULT 'activo',
  `idusuario` CHAR(11) NULL COMMENT 'columna utilizada para la bitacora',
  PRIMARY KEY (`idboton`))
ENGINE = InnoDB
DEFAULT CHARACTER SET = utf8
COLLATE = utf8_spanish_ci;

SHOW WARNINGS;

-- -----------------------------------------------------
-- Table `sis_fondas`.`tpregunta`
-- -----------------------------------------------------
DROP TABLE IF EXISTS `sis_fondas`.`tpregunta` ;

SHOW WARNINGS;
CREATE TABLE IF NOT EXISTS `sis_fondas`.`tpregunta` (
  `idpregunta` INT(11) NOT NULL AUTO_INCREMENT,
  `nombre` TEXT NOT NULL,
  `estatus` CHAR(12) NOT NULL DEFAULT 'activo',
  `idusuario` CHAR(11) NULL COMMENT 'columna utilizada para la bitacora',
  PRIMARY KEY (`idpregunta`))
ENGINE = InnoDB
DEFAULT CHARACTER SET = utf8
COLLATE = utf8_spanish_ci;

SHOW WARNINGS;

-- -----------------------------------------------------
-- Table `sis_fondas`.`tvistas`
-- -----------------------------------------------------
DROP TABLE IF EXISTS `sis_fondas`.`tvistas` ;

SHOW WARNINGS;
CREATE TABLE IF NOT EXISTS `sis_fondas`.`tvistas` (
  `idvista` INT(11) NOT NULL AUTO_INCREMENT,
  `nombre` VARCHAR(100) NOT NULL,
  `url` VARCHAR(200) NOT NULL,
  `orden` CHAR(12) NOT NULL DEFAULT '0',
  `estatus` CHAR(12) NOT NULL DEFAULT 'activo',
  `idmodulo` INT(11) NULL,
  `idusuario` CHAR(11) NULL,
  PRIMARY KEY (`idvista`),
  INDEX `fk_tservicios_tmodulos1_idx` (`idmodulo` ASC),
  CONSTRAINT `fk_tservicios_tmodulos1`
    FOREIGN KEY (`idmodulo`)
    REFERENCES `sis_fondas`.`tmodulos` (`idmodulo`)
    ON DELETE NO ACTION
    ON UPDATE NO ACTION)
ENGINE = InnoDB
DEFAULT CHARACTER SET = utf8
COLLATE = utf8_spanish_ci;

SHOW WARNINGS;

-- -----------------------------------------------------
-- Table `sis_fondas`.`tacceso`
-- -----------------------------------------------------
DROP TABLE IF EXISTS `sis_fondas`.`tacceso` ;

SHOW WARNINGS;
CREATE TABLE IF NOT EXISTS `sis_fondas`.`tacceso` (
  `idacceso` INT NOT NULL AUTO_INCREMENT,
  `idboton` INT(11) NULL,
  `idvista` INT(11) NULL,
  `idtipo_usuario` INT(11) NULL,
  `idusuario` CHAR(11) NULL COMMENT 'columna utilizada para la bitacora',
  PRIMARY KEY (`idacceso`),
  INDEX `fk_tacceso_tboton1_idx` (`idboton` ASC),
  INDEX `fk_tacceso_tvistas1_idx` (`idvista` ASC),
  INDEX `fk_tacceso_ttipo_usuario1_idx` (`idtipo_usuario` ASC),
  CONSTRAINT `fk_tacceso_tboton1`
    FOREIGN KEY (`idboton`)
    REFERENCES `sis_fondas`.`tboton` (`idboton`)
    ON DELETE NO ACTION
    ON UPDATE NO ACTION,
  CONSTRAINT `fk_tacceso_tvistas1`
    FOREIGN KEY (`idvista`)
    REFERENCES `sis_fondas`.`tvistas` (`idvista`)
    ON DELETE NO ACTION
    ON UPDATE NO ACTION,
  CONSTRAINT `fk_tacceso_ttipo_usuario1`
    FOREIGN KEY (`idtipo_usuario`)
    REFERENCES `sis_fondas`.`ttipo_usuario` (`idtipo_usuario`)
    ON DELETE NO ACTION
    ON UPDATE NO ACTION)
ENGINE = InnoDB
DEFAULT CHARACTER SET = utf8
COLLATE = utf8_spanish_ci;

SHOW WARNINGS;

-- -----------------------------------------------------
-- Table `sis_fondas`.`ttipo_ausencia`
-- -----------------------------------------------------
DROP TABLE IF EXISTS `sis_fondas`.`ttipo_ausencia` ;

SHOW WARNINGS;
CREATE TABLE IF NOT EXISTS `sis_fondas`.`ttipo_ausencia` (
  `tipo_ausencia` INT(11) NOT NULL AUTO_INCREMENT,
  `nombre` VARCHAR(100) NOT NULL,
  `estatus` CHAR(12) NOT NULL DEFAULT 'activo',
  `idusuario` CHAR(11) NULL COMMENT 'columna utilizada para la bitacora',
  PRIMARY KEY (`tipo_ausencia`))
ENGINE = InnoDB
DEFAULT CHARACTER SET = utf8
COLLATE = utf8_spanish_ci;

SHOW WARNINGS;

-- -----------------------------------------------------
-- Table `sis_fondas`.`trespuesta`
-- -----------------------------------------------------
DROP TABLE IF EXISTS `sis_fondas`.`trespuesta` ;

SHOW WARNINGS;
CREATE TABLE IF NOT EXISTS `sis_fondas`.`trespuesta` (
  `idrespuesta` INT NOT NULL AUTO_INCREMENT,
  `nombre` TEXT NOT NULL,
  `estatus` CHAR(12) NOT NULL DEFAULT 'activo',
  `idpregunta` INT(11) NOT NULL,
  `id_usuario` INT(11) NOT NULL,
  `idusuario` CHAR(11) NULL COMMENT 'columna utilizada para la bitacora',
  PRIMARY KEY (`idrespuesta`),
  INDEX `fk_trespuesta_tpregunta1_idx` (`idpregunta` ASC),
  INDEX `fk_trespuesta_tusuario1_idx` (`id_usuario` ASC),
  CONSTRAINT `fk_trespuesta_tpregunta1`
    FOREIGN KEY (`idpregunta`)
    REFERENCES `sis_fondas`.`tpregunta` (`idpregunta`)
    ON DELETE NO ACTION
    ON UPDATE NO ACTION,
  CONSTRAINT `fk_trespuesta_tusuario1`
    FOREIGN KEY (`id_usuario`)
    REFERENCES `sis_fondas`.`tusuario` (`id_usuario`)
    ON DELETE NO ACTION
    ON UPDATE NO ACTION)
ENGINE = InnoDB;

SHOW WARNINGS;

-- -----------------------------------------------------
-- Table `sis_fondas`.`tasistencia`
-- -----------------------------------------------------
DROP TABLE IF EXISTS `sis_fondas`.`tasistencia` ;

SHOW WARNINGS;
CREATE TABLE IF NOT EXISTS `sis_fondas`.`tasistencia` (
  `idasistencia` INT NOT NULL AUTO_INCREMENT,
  `fecha_elaboracion` TIMESTAMP NULL,
  `observacion` VARCHAR(255) NULL,
  `estatus` CHAR(12) NOT NULL DEFAULT 'activo',
  `condicion` CHAR(12) NULL DEFAULT 'abierto',
  `idtrabajador` INT(11) NOT NULL,
  `idsupervisor` INT(11) NULL,
  `idusuario` CHAR(11) NULL COMMENT 'columna utilizada para la bitacora',
  PRIMARY KEY (`idasistencia`),
  INDEX `fk_tasistencia_ttrabajador1_idx` (`idtrabajador` ASC),
  INDEX `fk_tasistencia_ttrabajador2_idx` (`idsupervisor` ASC),
  CONSTRAINT `fk_tasistencia_ttrabajador1`
    FOREIGN KEY (`idtrabajador`)
    REFERENCES `sis_fondas`.`ttrabajador` (`idtrabajador`)
    ON DELETE NO ACTION
    ON UPDATE NO ACTION,
  CONSTRAINT `fk_tasistencia_ttrabajador2`
    FOREIGN KEY (`idsupervisor`)
    REFERENCES `sis_fondas`.`ttrabajador` (`idtrabajador`)
    ON DELETE NO ACTION
    ON UPDATE NO ACTION)
ENGINE = InnoDB;

SHOW WARNINGS;

-- -----------------------------------------------------
-- Table `sis_fondas`.`tdetalle_asistencia`
-- -----------------------------------------------------
DROP TABLE IF EXISTS `sis_fondas`.`tdetalle_asistencia` ;

SHOW WARNINGS;
CREATE TABLE IF NOT EXISTS `sis_fondas`.`tdetalle_asistencia` (
  `iddetalle_asistencia` INT NOT NULL AUTO_INCREMENT,
  `idtrabajador` INT(11) NOT NULL,
  `idasistencia` INT NOT NULL,
  `hora_entrada` TIME NOT NULL,
  `hora_salida` TIME NULL,
  `observacion` VARCHAR(200) NULL,
  `hora_entrada1` TIME NULL,
  `hora_salida2` TIME NULL,
  `estatus` CHAR(12) NOT NULL DEFAULT 'activo',
  `idusuario` CHAR(11) NULL COMMENT 'columna utilizada para la bitacora',
  PRIMARY KEY (`iddetalle_asistencia`),
  INDEX `fk_tdetalle_asistencia_ttrabajador1_idx` (`idtrabajador` ASC),
  INDEX `fk_tdetalle_asistencia_tasistencia1_idx` (`idasistencia` ASC),
  CONSTRAINT `fk_tdetalle_asistencia_ttrabajador1`
    FOREIGN KEY (`idtrabajador`)
    REFERENCES `sis_fondas`.`ttrabajador` (`idtrabajador`)
    ON DELETE NO ACTION
    ON UPDATE NO ACTION,
  CONSTRAINT `fk_tdetalle_asistencia_tasistencia1`
    FOREIGN KEY (`idasistencia`)
    REFERENCES `sis_fondas`.`tasistencia` (`idasistencia`)
    ON DELETE NO ACTION
    ON UPDATE NO ACTION)
ENGINE = InnoDB;

SHOW WARNINGS;

-- -----------------------------------------------------
-- Table `sis_fondas`.`tmotivo_permiso`
-- -----------------------------------------------------
DROP TABLE IF EXISTS `sis_fondas`.`tmotivo_permiso` ;

SHOW WARNINGS;
CREATE TABLE IF NOT EXISTS `sis_fondas`.`tmotivo_permiso` (
  `idmotivo_permiso` INT NOT NULL AUTO_INCREMENT,
  `nombre` VARCHAR(255) NOT NULL,
  `cantidad_dias` INT NULL,
  `cantidad_tiempo` INT NULL,
  `estatus` CHAR(12) NOT NULL DEFAULT 'activo',
  `idusuario` CHAR(11) NULL COMMENT 'columna utilizada para la bitacora',
  PRIMARY KEY (`idmotivo_permiso`))
ENGINE = InnoDB;

SHOW WARNINGS;

-- -----------------------------------------------------
-- Table `sis_fondas`.`tpermiso`
-- -----------------------------------------------------
DROP TABLE IF EXISTS `sis_fondas`.`tpermiso` ;

SHOW WARNINGS;
CREATE TABLE IF NOT EXISTS `sis_fondas`.`tpermiso` (
  `idpermiso` INT NOT NULL AUTO_INCREMENT,
  `justificativo` VARCHAR(150) NULL,
  `remunerado` CHAR(2) NULL,
  `adjuntos` CHAR(2) NULL DEFAULT 'no',
  `fecha_inicio` TIMESTAMP NULL,
  `fecha_fin` TIMESTAMP NULL,
  `idmotivo_permiso` INT NOT NULL,
  `fecha_elaboracion` TIMESTAMP NOT NULL DEFAULT CURRENT_TIMESTAMP,
  `observacion` VARCHAR(255) NULL,
  `idtrabajador` INT(11) NOT NULL COMMENT 'trabajador que elabora o realiza el documento',
  `fecha_revision` TIMESTAMP NULL,
  `observacion_revision` VARCHAR(255) NULL,
  `idtrabajador_jefe` INT(11) NULL COMMENT 'trabajador jefe de departamento que da el visto bueno',
  `fecha_aprobacion` TIMESTAMP NULL,
  `observacion_aprobacion` VARCHAR(255) NULL,
  `idtrabajador_rrhh` INT(11) NULL COMMENT 'trabajador que aprueba el documento para efectos de nomina',
  `condicion` CHAR(12) NULL DEFAULT 'solicitado',
  `estatus` CHAR(12) NOT NULL DEFAULT 'activo',
  `idusuario` CHAR(11) NULL COMMENT 'columna utilizada para la bitacora',
  PRIMARY KEY (`idpermiso`),
  INDEX `fk_tausencia_ttrabajador1_idx` (`idtrabajador` ASC),
  INDEX `fk_tausencia_tmotivo1_idx` (`idmotivo_permiso` ASC),
  INDEX `fk_tpermiso_ttrabajador2_idx` (`idtrabajador_jefe` ASC),
  INDEX `fk_tpermiso_ttrabajador3_idx` (`idtrabajador_rrhh` ASC),
  CONSTRAINT `fk_tausencia_ttrabajador1`
    FOREIGN KEY (`idtrabajador`)
    REFERENCES `sis_fondas`.`ttrabajador` (`idtrabajador`)
    ON DELETE NO ACTION
    ON UPDATE NO ACTION,
  CONSTRAINT `fk_tausencia_tmotivo1`
    FOREIGN KEY (`idmotivo_permiso`)
    REFERENCES `sis_fondas`.`tmotivo_permiso` (`idmotivo_permiso`)
    ON DELETE NO ACTION
    ON UPDATE NO ACTION,
  CONSTRAINT `fk_tpermiso_ttrabajador2`
    FOREIGN KEY (`idtrabajador_jefe`)
    REFERENCES `sis_fondas`.`ttrabajador` (`idtrabajador`)
    ON DELETE NO ACTION
    ON UPDATE NO ACTION,
  CONSTRAINT `fk_tpermiso_ttrabajador3`
    FOREIGN KEY (`idtrabajador_rrhh`)
    REFERENCES `sis_fondas`.`ttrabajador` (`idtrabajador`)
    ON DELETE NO ACTION
    ON UPDATE NO ACTION)
ENGINE = InnoDB;

SHOW WARNINGS;

-- -----------------------------------------------------
-- Table `sis_fondas`.`tvacacion`
-- -----------------------------------------------------
DROP TABLE IF EXISTS `sis_fondas`.`tvacacion` ;

SHOW WARNINGS;
CREATE TABLE IF NOT EXISTS `sis_fondas`.`tvacacion` (
  `idvacacion` INT NOT NULL AUTO_INCREMENT,
  `cantidad_dias` INT NULL,
  `fecha_inicio` DATE NULL,
  `fecha_fin` DATE NULL,
  `fecha_reingreso` DATE NULL,
  `fecha_elaboracion` TIMESTAMP NOT NULL DEFAULT CURRENT_TIMESTAMP,
  `observacion` VARCHAR(255) NULL,
  `idtrabajador` INT(11) NOT NULL,
  `fecha_revision` TIMESTAMP NULL,
  `observacion_revision` VARCHAR(255) NULL,
  `idtrabajador_jefe` INT(11) NULL COMMENT 'trabajador jefe de departamento que da el visto bueno',
  `fecha_aprobacion` TIMESTAMP NULL,
  `observacion_aprovacion` VARCHAR(255) NULL,
  `idtrabajador_rrhh` INT(11) NULL COMMENT 'trabajador que aprueba el documento para efectos de nomina',
  `condicion` CHAR(12) NULL DEFAULT 'solicitado',
  `estatus` CHAR(12) NOT NULL DEFAULT 'activo',
  `idusuario` CHAR(11) NULL COMMENT 'columna utilizada para la bitacora',
  PRIMARY KEY (`idvacacion`),
  INDEX `fk_tvacacion_ttrabajador1_idx` (`idtrabajador` ASC),
  INDEX `fk_tvacacion_ttrabajador2_idx` (`idtrabajador_jefe` ASC),
  INDEX `fk_tvacacion_ttrabajador3_idx` (`idtrabajador_rrhh` ASC),
  CONSTRAINT `fk_tvacacion_ttrabajador1`
    FOREIGN KEY (`idtrabajador`)
    REFERENCES `sis_fondas`.`ttrabajador` (`idtrabajador`)
    ON DELETE NO ACTION
    ON UPDATE NO ACTION,
  CONSTRAINT `fk_tvacacion_ttrabajador2`
    FOREIGN KEY (`idtrabajador_jefe`)
    REFERENCES `sis_fondas`.`ttrabajador` (`idtrabajador`)
    ON DELETE NO ACTION
    ON UPDATE NO ACTION,
  CONSTRAINT `fk_tvacacion_ttrabajador3`
    FOREIGN KEY (`idtrabajador_rrhh`)
    REFERENCES `sis_fondas`.`ttrabajador` (`idtrabajador`)
    ON DELETE NO ACTION
    ON UPDATE NO ACTION)
ENGINE = InnoDB;

SHOW WARNINGS;

-- -----------------------------------------------------
-- Table `sis_fondas`.`tdetalle_vacacion`
-- -----------------------------------------------------
DROP TABLE IF EXISTS `sis_fondas`.`tdetalle_vacacion` ;

SHOW WARNINGS;
CREATE TABLE IF NOT EXISTS `sis_fondas`.`tdetalle_vacacion` (
  `iddetalle_vacacion` INT NOT NULL AUTO_INCREMENT,
  `periodo_usado` INT(4) NULL,
  `cant_dias_periodo` INT NULL,
  `idvacacion` INT NOT NULL,
  `estatus` CHAR(12) NOT NULL DEFAULT 'activo',
  `idusuario` CHAR(11) NULL COMMENT 'columna utilizada para la bitacora',
  PRIMARY KEY (`iddetalle_vacacion`),
  INDEX `fk_tdetalle_vacacion_tvacacion1_idx` (`idvacacion` ASC),
  CONSTRAINT `fk_tdetalle_vacacion_tvacacion1`
    FOREIGN KEY (`idvacacion`)
    REFERENCES `sis_fondas`.`tvacacion` (`idvacacion`)
    ON DELETE NO ACTION
    ON UPDATE NO ACTION)
ENGINE = InnoDB;

SHOW WARNINGS;

-- -----------------------------------------------------
-- Table `sis_fondas`.`tdia_feriado`
-- -----------------------------------------------------
DROP TABLE IF EXISTS `sis_fondas`.`tdia_feriado` ;

SHOW WARNINGS;
CREATE TABLE IF NOT EXISTS `sis_fondas`.`tdia_feriado` (
  `iddia_feriado` INT NOT NULL AUTO_INCREMENT,
  `fecha` DATE NOT NULL,
  `nombre` VARCHAR(255) NOT NULL,
  `repite_anualmente` CHAR(2) NULL DEFAULT 'si' COMMENT 'indica si la fecha o dia feriado es repetido indefinidamente cada año.',
  `estatus` CHAR(12) NOT NULL DEFAULT 'activo',
  `idusuario` CHAR(11) NULL COMMENT 'columna utilizada para la bitacora',
  PRIMARY KEY (`iddia_feriado`))
ENGINE = InnoDB;

SHOW WARNINGS;

-- -----------------------------------------------------
-- Table `sis_fondas`.`tdia_semana`
-- -----------------------------------------------------
DROP TABLE IF EXISTS `sis_fondas`.`tdia_semana` ;

SHOW WARNINGS;
CREATE TABLE IF NOT EXISTS `sis_fondas`.`tdia_semana` (
  `iddia_semana` INT NOT NULL AUTO_INCREMENT,
  `nombre` VARCHAR(45) NULL,
  `nro_dia` CHAR(2) NULL,
  `estatus` CHAR(12) NOT NULL DEFAULT 'activo',
  `idusuario` CHAR(11) NULL COMMENT 'columna utilizada para la bitacora',
  PRIMARY KEY (`iddia_semana`))
ENGINE = InnoDB;

SHOW WARNINGS;

-- -----------------------------------------------------
-- Table `sis_fondas`.`tdetalle_jornada`
-- -----------------------------------------------------
DROP TABLE IF EXISTS `sis_fondas`.`tdetalle_jornada` ;

SHOW WARNINGS;
CREATE TABLE IF NOT EXISTS `sis_fondas`.`tdetalle_jornada` (
  `iddetalle_jornada` INT NOT NULL AUTO_INCREMENT,
  `idjornada` INT(11) NULL,
  `iddia_semana` INT NULL,
  `estatus` CHAR(12) NOT NULL DEFAULT 'activo',
  `idusuario` CHAR(11) NULL COMMENT 'columna utilizada para la bitacora',
  PRIMARY KEY (`iddetalle_jornada`),
  INDEX `fk_tdetalle_jornada_tjornada1_idx` (`idjornada` ASC),
  INDEX `fk_tdetalle_jornada_tdia_semana1_idx` (`iddia_semana` ASC),
  CONSTRAINT `fk_tdetalle_jornada_tjornada1`
    FOREIGN KEY (`idjornada`)
    REFERENCES `sis_fondas`.`tjornada` (`idjornada`)
    ON DELETE NO ACTION
    ON UPDATE NO ACTION,
  CONSTRAINT `fk_tdetalle_jornada_tdia_semana1`
    FOREIGN KEY (`iddia_semana`)
    REFERENCES `sis_fondas`.`tdia_semana` (`iddia_semana`)
    ON DELETE NO ACTION
    ON UPDATE NO ACTION)
ENGINE = InnoDB;

SHOW WARNINGS;

-- -----------------------------------------------------
-- Table `sis_fondas`.`tmotivo_reposo`
-- -----------------------------------------------------
DROP TABLE IF EXISTS `sis_fondas`.`tmotivo_reposo` ;

SHOW WARNINGS;
CREATE TABLE IF NOT EXISTS `sis_fondas`.`tmotivo_reposo` (
  `idmotivo_reposo` INT NOT NULL AUTO_INCREMENT,
  `nombre` VARCHAR(255) NOT NULL,
  `cantidad_dias` INT NULL,
  `cantidad_tiempo` INT NULL,
  `estatus` CHAR(12) NOT NULL DEFAULT 'activo',
  `idusuario` CHAR(11) NULL COMMENT 'columna utilizada para la bitacora',
  PRIMARY KEY (`idmotivo_reposo`))
ENGINE = InnoDB;

SHOW WARNINGS;

-- -----------------------------------------------------
-- Table `sis_fondas`.`treposo`
-- -----------------------------------------------------
DROP TABLE IF EXISTS `sis_fondas`.`treposo` ;

SHOW WARNINGS;
CREATE TABLE IF NOT EXISTS `sis_fondas`.`treposo` (
  `idreposo` INT NOT NULL AUTO_INCREMENT,
  `justificacitvo` VARCHAR(150) NULL,
  `remunerado` CHAR(2) NULL,
  `adjuntos` CHAR(2) NULL DEFAULT 'no',
  `fecha_inicio` TIMESTAMP NULL,
  `fecha_fin` TIMESTAMP NULL,
  `idmotivo_reposo` INT NOT NULL,
  `fecha_elaboracion` TIMESTAMP NOT NULL DEFAULT CURRENT_TIMESTAMP,
  `observacion` VARCHAR(255) NULL,
  `idtrabajador` INT(11) NOT NULL COMMENT 'trabajador que elabora o realiza el documento',
  `fecha_revision` TIMESTAMP NULL,
  `observacion_revision` VARCHAR(255) NULL,
  `idtrabajador_jefe` INT(11) NULL COMMENT 'trabajador jefe de departamento que da el visto bueno',
  `fecha_aprobacion` TIMESTAMP NULL,
  `observacion_aprobacion` VARCHAR(255) NULL,
  `idrabajador_rrhh` INT(11) NULL COMMENT 'trabajador que aprueba el documento para efectos de nomina',
  `condicion` CHAR(12) NULL DEFAULT 'solicitado',
  `estatus` CHAR(12) NOT NULL DEFAULT 'activo',
  `idusuario` CHAR(11) NULL COMMENT 'columna utilizada para la bitacora',
  PRIMARY KEY (`idreposo`),
  INDEX `fk_treposo_ttrabajador1_idx` (`idtrabajador` ASC),
  INDEX `fk_treposo_tmotivo_reposo1_idx` (`idmotivo_reposo` ASC),
  INDEX `fk_treposo_ttrabajador2_idx` (`idtrabajador_jefe` ASC),
  INDEX `fk_treposo_ttrabajador3_idx` (`idrabajador_rrhh` ASC),
  CONSTRAINT `fk_treposo_ttrabajador1`
    FOREIGN KEY (`idtrabajador`)
    REFERENCES `sis_fondas`.`ttrabajador` (`idtrabajador`)
    ON DELETE NO ACTION
    ON UPDATE NO ACTION,
  CONSTRAINT `fk_treposo_tmotivo_reposo1`
    FOREIGN KEY (`idmotivo_reposo`)
    REFERENCES `sis_fondas`.`tmotivo_reposo` (`idmotivo_reposo`)
    ON DELETE NO ACTION
    ON UPDATE NO ACTION,
  CONSTRAINT `fk_treposo_ttrabajador2`
    FOREIGN KEY (`idtrabajador_jefe`)
    REFERENCES `sis_fondas`.`ttrabajador` (`idtrabajador`)
    ON DELETE NO ACTION
    ON UPDATE NO ACTION,
  CONSTRAINT `fk_treposo_ttrabajador3`
    FOREIGN KEY (`idrabajador_rrhh`)
    REFERENCES `sis_fondas`.`ttrabajador` (`idtrabajador`)
    ON DELETE NO ACTION
    ON UPDATE NO ACTION)
ENGINE = InnoDB;

SHOW WARNINGS;

-- -----------------------------------------------------
-- Table `sis_fondas`.`tconfiguracion`
-- -----------------------------------------------------
DROP TABLE IF EXISTS `sis_fondas`.`tconfiguracion` ;

SHOW WARNINGS;
CREATE TABLE IF NOT EXISTS `sis_fondas`.`tconfiguracion` (
  `idconfiguracion` INT NOT NULL AUTO_INCREMENT,
  `dias_vence_clave` INT(2) NULL DEFAULT 90,
  `max_intentos_login` INT(1) NULL DEFAULT 3,
  `max_rango_clave` INT(1) NULL DEFAULT 5,
  `estatus` CHAR(12) NOT NULL DEFAULT 'activo',
  `idusuario` CHAR(11) NULL,
  PRIMARY KEY (`idconfiguracion`))
ENGINE = InnoDB
COMMENT = 'tabla para la configuración general del sistema';

SHOW WARNINGS;
USE `sis_fondas` ;

-- -----------------------------------------------------
-- Placeholder table for view `sis_fondas`.`vpersona`
-- -----------------------------------------------------
CREATE TABLE IF NOT EXISTS `sis_fondas`.`vpersona` (`idpersona` INT, `nacionalidad` INT, `cedula` INT, `rif` INT, `nombre` INT, `seg_nombre` INT, `apellido` INT, `seg_apellido` INT, `sexo` INT, `edo_civil` INT, `fecha_naci` INT, `tel_mov` INT, `tel_fijo` INT, `correo` INT, `direccion` INT, `idparroquia` INT, `condicion` INT, `estatus` INT, `idusuario` INT, `parroquia` INT, `idmunicipio` INT, `municipio` INT, `idestado` INT, `estado` INT, `id_usuario` INT, `usuario` INT, `intento_fallido` INT, `tiempo_sesion` INT, `estatus_usuario` INT, `idtipo_usuario` INT, `tipo_usuario` INT, `idtrabajador` INT, `fecha_ingreso` INT, `condicion_trabajador` INT, `estatus_trabajador` INT, `iddepartamento` INT, `departamento` INT, `idcargo` INT, `cargo` INT);
SHOW WARNINGS;

-- -----------------------------------------------------
-- Placeholder table for view `sis_fondas`.`vacceso`
-- -----------------------------------------------------
CREATE TABLE IF NOT EXISTS `sis_fondas`.`vacceso` (`idacceso` INT, `idtipo_usuario` INT, `tipo_usuario` INT, `idboton` INT, `boton` INT, `idvista` INT, `vista` INT, `url` INT, `orden` INT, `idmodulo` INT, `modulo` INT, `posicion` INT, `icono` INT);
SHOW WARNINGS;

-- -----------------------------------------------------
-- View `sis_fondas`.`vpersona`
-- -----------------------------------------------------
DROP TABLE IF EXISTS `sis_fondas`.`vpersona`;
SHOW WARNINGS;
DROP VIEW IF EXISTS `sis_fondas`.`vpersona` ;
SHOW WARNINGS;
USE `sis_fondas`;
CREATE  OR REPLACE VIEW `vpersona` AS
	SELECT  
		P.* , Parr.nombre AS parroquia, 
        Mun.idmunicipio, Mun.nombre AS municipio, 
        Est.idestado, Est.nombre AS estado, U.id_usuario,
        U.usuario, U.intento_fallido, U.tiempo_sesion, 
        U.estatus AS estatus_usuario, T.idtipo_usuario , 
        T.nombre AS tipo_usuario , Tra.idtrabajador , Tra.fecha_ingreso, 
        Tra.condicion_trabajador , Tra.estatus AS estatus_trabajador ,
        D.iddepartamento , D.nombre AS departamento ,
		C.idcargo , C.nombre AS cargo 
	FROM tpersonas AS P

	INNER JOIN tusuario AS U 
		ON U.idpersona = P.idpersona

	INNER JOIN ttipo_usuario AS T 
		ON T.idtipo_usuario = U.idtipo_usuario

	LEFT JOIN ttrabajador AS Tra
		ON Tra.idpersona = P.idpersona
        
	LEFT JOIN tparroquia AS Parr
		ON Parr.idparroquia = P.idparroquia         	

	LEFT JOIN tmunicipio AS Mun
		ON Mun.idmunicipio = Parr.idmunicipio

	LEFT JOIN testado AS Est
		ON Est.idestado = Mun.idestado
        
	LEFT JOIN tcargo AS C
		ON C.idcargo = Tra.idcargo
        
	LEFT JOIN tdepartamento AS D
		ON D.iddepartamento = C.iddepartamento;
SHOW WARNINGS;

-- -----------------------------------------------------
-- View `sis_fondas`.`vacceso`
-- -----------------------------------------------------
DROP TABLE IF EXISTS `sis_fondas`.`vacceso`;
SHOW WARNINGS;
DROP VIEW IF EXISTS `sis_fondas`.`vacceso` ;
SHOW WARNINGS;
USE `sis_fondas`;
CREATE  OR REPLACE VIEW `vacceso` AS
	SELECT 
		A.idacceso, U.idtipo_usuario, U.nombre AS tipo_usuario, B.idboton,
		B.nombre AS boton, V.idvista, V.nombre AS vista, V.url, V.orden,
		M.idmodulo, M.nombre AS modulo, M.posicion, M.icono
        
		FROM tvistas AS V 
		
		INNER JOIN tacceso AS A
			ON A.idvista = V.idvista 
			
		INNER JOIN ttipo_usuario AS U
			ON U.idtipo_usuario = A.idtipo_usuario 
            
		INNER JOIN tmodulos AS M 
			ON M.idmodulo = V.idmodulo 

        INNER JOIN tboton AS B 
			ON B.idboton = A.idboton;
SHOW WARNINGS;
SET SQL_MODE = '';
GRANT USAGE ON *.* TO user_fondas;
 DROP USER user_fondas;
SET SQL_MODE='TRADITIONAL,ALLOW_INVALID_DATES';
SHOW WARNINGS;
CREATE USER 'user_fondas' IDENTIFIED BY '*fondas*';

GRANT ALL ON `sis_fondas`.* TO 'user_fondas';
SHOW WARNINGS;
SET SQL_MODE = '';
GRANT USAGE ON *.* TO user_fondas@localhost;
 DROP USER user_fondas@localhost;
SET SQL_MODE='TRADITIONAL,ALLOW_INVALID_DATES';
SHOW WARNINGS;
CREATE USER 'user_fondas'@'localhost' IDENTIFIED BY '*fondas*';

GRANT ALL ON `sis_fondas`.* TO 'user_fondas'@'localhost';
SHOW WARNINGS;

SET SQL_MODE=@OLD_SQL_MODE;
SET FOREIGN_KEY_CHECKS=@OLD_FOREIGN_KEY_CHECKS;
SET UNIQUE_CHECKS=@OLD_UNIQUE_CHECKS;

-- -----------------------------------------------------
-- Data for table `sis_fondas`.`testado`
-- -----------------------------------------------------
START TRANSACTION;
USE `sis_fondas`;
INSERT INTO `sis_fondas`.`testado` (`idestado`, `nombre`, `estatus`, `idusuario`) VALUES (1, 'AMAZONAS', 'activo', NULL);
INSERT INTO `sis_fondas`.`testado` (`idestado`, `nombre`, `estatus`, `idusuario`) VALUES (2, 'ANZOÁTEGUI', 'activo', NULL);
INSERT INTO `sis_fondas`.`testado` (`idestado`, `nombre`, `estatus`, `idusuario`) VALUES (3, 'APURE', 'activo', NULL);
INSERT INTO `sis_fondas`.`testado` (`idestado`, `nombre`, `estatus`, `idusuario`) VALUES (4, 'ARAGUA', 'activo', NULL);
INSERT INTO `sis_fondas`.`testado` (`idestado`, `nombre`, `estatus`, `idusuario`) VALUES (5, 'BARINAS', 'activo', NULL);
INSERT INTO `sis_fondas`.`testado` (`idestado`, `nombre`, `estatus`, `idusuario`) VALUES (6, 'BOLÍVAR', 'activo', NULL);
INSERT INTO `sis_fondas`.`testado` (`idestado`, `nombre`, `estatus`, `idusuario`) VALUES (7, 'CARABOBO', 'activo', NULL);
INSERT INTO `sis_fondas`.`testado` (`idestado`, `nombre`, `estatus`, `idusuario`) VALUES (8, 'COJEDES', 'activo', NULL);
INSERT INTO `sis_fondas`.`testado` (`idestado`, `nombre`, `estatus`, `idusuario`) VALUES (9, 'DELTA AMACURO', 'activo', NULL);
INSERT INTO `sis_fondas`.`testado` (`idestado`, `nombre`, `estatus`, `idusuario`) VALUES (10, 'DISTRITO CAPITAL', 'activo', NULL);
INSERT INTO `sis_fondas`.`testado` (`idestado`, `nombre`, `estatus`, `idusuario`) VALUES (11, 'FALCÓN', 'activo', NULL);
INSERT INTO `sis_fondas`.`testado` (`idestado`, `nombre`, `estatus`, `idusuario`) VALUES (12, 'GUÁRICO', 'activo', NULL);
INSERT INTO `sis_fondas`.`testado` (`idestado`, `nombre`, `estatus`, `idusuario`) VALUES (13, 'LARA', 'activo', NULL);
INSERT INTO `sis_fondas`.`testado` (`idestado`, `nombre`, `estatus`, `idusuario`) VALUES (14, 'MERIDA', 'activo', NULL);
INSERT INTO `sis_fondas`.`testado` (`idestado`, `nombre`, `estatus`, `idusuario`) VALUES (15, 'MIRANDA', 'activo', NULL);
INSERT INTO `sis_fondas`.`testado` (`idestado`, `nombre`, `estatus`, `idusuario`) VALUES (16, 'MONAGAS', 'activo', NULL);
INSERT INTO `sis_fondas`.`testado` (`idestado`, `nombre`, `estatus`, `idusuario`) VALUES (17, 'NUEVA ESPARTA', 'activo', NULL);
INSERT INTO `sis_fondas`.`testado` (`idestado`, `nombre`, `estatus`, `idusuario`) VALUES (18, 'PORTUGUESA', 'activo', NULL);
INSERT INTO `sis_fondas`.`testado` (`idestado`, `nombre`, `estatus`, `idusuario`) VALUES (19, 'SUCRE', 'activo', NULL);
INSERT INTO `sis_fondas`.`testado` (`idestado`, `nombre`, `estatus`, `idusuario`) VALUES (20, 'TACHIRA', 'activo', NULL);
INSERT INTO `sis_fondas`.`testado` (`idestado`, `nombre`, `estatus`, `idusuario`) VALUES (21, 'TRUJILLO', 'activo', NULL);
INSERT INTO `sis_fondas`.`testado` (`idestado`, `nombre`, `estatus`, `idusuario`) VALUES (22, 'VARGAS', 'activo', NULL);
INSERT INTO `sis_fondas`.`testado` (`idestado`, `nombre`, `estatus`, `idusuario`) VALUES (23, 'YARACUY', 'activo', NULL);
INSERT INTO `sis_fondas`.`testado` (`idestado`, `nombre`, `estatus`, `idusuario`) VALUES (24, 'ZULIA', 'activo', NULL);

COMMIT;


-- -----------------------------------------------------
-- Data for table `sis_fondas`.`tmunicipio`
-- -----------------------------------------------------
START TRANSACTION;
USE `sis_fondas`;
INSERT INTO `sis_fondas`.`tmunicipio` (`idmunicipio`, `nombre`, `idestado`, `estatus`, `idusuario`) VALUES (1, 'AGUA BLANCA', 18, 'activo', NULL);
INSERT INTO `sis_fondas`.`tmunicipio` (`idmunicipio`, `nombre`, `idestado`, `estatus`, `idusuario`) VALUES (2, 'IRRIBAREN', 13, 'activo', NULL);
INSERT INTO `sis_fondas`.`tmunicipio` (`idmunicipio`, `nombre`, `idestado`, `estatus`, `idusuario`) VALUES (3, 'ARAURE', 18, 'activo', NULL);
INSERT INTO `sis_fondas`.`tmunicipio` (`idmunicipio`, `nombre`, `idestado`, `estatus`, `idusuario`) VALUES (4, 'PAEZ', 18, 'activo', NULL);
INSERT INTO `sis_fondas`.`tmunicipio` (`idmunicipio`, `nombre`, `idestado`, `estatus`, `idusuario`) VALUES (5, 'TUREN', 18, 'activo', NULL);
INSERT INTO `sis_fondas`.`tmunicipio` (`idmunicipio`, `nombre`, `idestado`, `estatus`, `idusuario`) VALUES (6, 'OSPINO', 18, 'activo', NULL);
INSERT INTO `sis_fondas`.`tmunicipio` (`idmunicipio`, `nombre`, `idestado`, `estatus`, `idusuario`) VALUES (7, 'GUANARE', 18, 'activo', NULL);
INSERT INTO `sis_fondas`.`tmunicipio` (`idmunicipio`, `nombre`, `idestado`, `estatus`, `idusuario`) VALUES (8, 'OSPINO', 18, 'activo', NULL);
INSERT INTO `sis_fondas`.`tmunicipio` (`idmunicipio`, `nombre`, `idestado`, `estatus`, `idusuario`) VALUES (9, 'GUANARITO', 18, 'activo', NULL);
INSERT INTO `sis_fondas`.`tmunicipio` (`idmunicipio`, `nombre`, `idestado`, `estatus`, `idusuario`) VALUES (10, 'PAPELON', 18, 'activo', NULL);
INSERT INTO `sis_fondas`.`tmunicipio` (`idmunicipio`, `nombre`, `idestado`, `estatus`, `idusuario`) VALUES (11, 'SAN GENARO DE BOCONOITO', 18, 'activo', NULL);

COMMIT;


-- -----------------------------------------------------
-- Data for table `sis_fondas`.`tparroquia`
-- -----------------------------------------------------
START TRANSACTION;
USE `sis_fondas`;
INSERT INTO `sis_fondas`.`tparroquia` (`idparroquia`, `nombre`, `idmunicipio`, `estatus`, `idusuario`) VALUES (1, 'PAYARA', 4, 'activo', NULL);
INSERT INTO `sis_fondas`.`tparroquia` (`idparroquia`, `nombre`, `idmunicipio`, `estatus`, `idusuario`) VALUES (2, 'ARAURE', 3, 'activo', NULL);
INSERT INTO `sis_fondas`.`tparroquia` (`idparroquia`, `nombre`, `idmunicipio`, `estatus`, `idusuario`) VALUES (3, 'ACARIGUA', 4, 'activo', NULL);
INSERT INTO `sis_fondas`.`tparroquia` (`idparroquia`, `nombre`, `idmunicipio`, `estatus`, `idusuario`) VALUES (4, 'ACARIGUA', 1, 'activo', NULL);
INSERT INTO `sis_fondas`.`tparroquia` (`idparroquia`, `nombre`, `idmunicipio`, `estatus`, `idusuario`) VALUES (5, 'RAMON PERAZA', 2, 'activo', NULL);
INSERT INTO `sis_fondas`.`tparroquia` (`idparroquia`, `nombre`, `idmunicipio`, `estatus`, `idusuario`) VALUES (6, 'ARAURE', 2, 'activo', NULL);
INSERT INTO `sis_fondas`.`tparroquia` (`idparroquia`, `nombre`, `idmunicipio`, `estatus`, `idusuario`) VALUES (7, 'IRIBARREN', 6, 'activo', NULL);
INSERT INTO `sis_fondas`.`tparroquia` (`idparroquia`, `nombre`, `idmunicipio`, `estatus`, `idusuario`) VALUES (8, 'AGUA BLANCA', 4, 'activo', NULL);
INSERT INTO `sis_fondas`.`tparroquia` (`idparroquia`, `nombre`, `idmunicipio`, `estatus`, `idusuario`) VALUES (9, 'PIRITU', 7, 'activo', NULL);
INSERT INTO `sis_fondas`.`tparroquia` (`idparroquia`, `nombre`, `idmunicipio`, `estatus`, `idusuario`) VALUES (10, 'UVERAL', 7, 'activo', NULL);
INSERT INTO `sis_fondas`.`tparroquia` (`idparroquia`, `nombre`, `idmunicipio`, `estatus`, `idusuario`) VALUES (11, 'GUANARE', 5, 'activo', NULL);
INSERT INTO `sis_fondas`.`tparroquia` (`idparroquia`, `nombre`, `idmunicipio`, `estatus`, `idusuario`) VALUES (12, 'CORDOVA', 5, 'activo', NULL);
INSERT INTO `sis_fondas`.`tparroquia` (`idparroquia`, `nombre`, `idmunicipio`, `estatus`, `idusuario`) VALUES (13, 'SAN JODE DE LA MONTAÃ‘A', 5, 'activo', NULL);
INSERT INTO `sis_fondas`.`tparroquia` (`idparroquia`, `nombre`, `idmunicipio`, `estatus`, `idusuario`) VALUES (14, 'SAN JUAN DE GUANAGUANARE', 5, 'activo', NULL);
INSERT INTO `sis_fondas`.`tparroquia` (`idparroquia`, `nombre`, `idmunicipio`, `estatus`, `idusuario`) VALUES (15, 'VIRGEN DE COROMOTO', 5, 'activo', NULL);
INSERT INTO `sis_fondas`.`tparroquia` (`idparroquia`, `nombre`, `idmunicipio`, `estatus`, `idusuario`) VALUES (16, 'GUANARITO', 9, 'activo', NULL);
INSERT INTO `sis_fondas`.`tparroquia` (`idparroquia`, `nombre`, `idmunicipio`, `estatus`, `idusuario`) VALUES (17, 'TRINIDAD DE LA CAPILLA', 9, 'activo', NULL);
INSERT INTO `sis_fondas`.`tparroquia` (`idparroquia`, `nombre`, `idmunicipio`, `estatus`, `idusuario`) VALUES (18, 'DIVINA PASTORA', 9, 'activo', NULL);
INSERT INTO `sis_fondas`.`tparroquia` (`idparroquia`, `nombre`, `idmunicipio`, `estatus`, `idusuario`) VALUES (19, 'OSPINO', 8, 'activo', NULL);
INSERT INTO `sis_fondas`.`tparroquia` (`idparroquia`, `nombre`, `idmunicipio`, `estatus`, `idusuario`) VALUES (20, 'LA ESTACION', 8, 'activo', NULL);

COMMIT;


-- -----------------------------------------------------
-- Data for table `sis_fondas`.`tpersonas`
-- -----------------------------------------------------
START TRANSACTION;
USE `sis_fondas`;
INSERT INTO `sis_fondas`.`tpersonas` (`idpersona`, `nacionalidad`, `cedula`, `rif`, `nombre`, `seg_nombre`, `apellido`, `seg_apellido`, `sexo`, `edo_civil`, `fecha_naci`, `tel_mov`, `tel_fijo`, `correo`, `direccion`, `idparroquia`, `condicion`, `estatus`, `idusuario`) VALUES (1, 'E', '8385221', NULL, 'RIVER', 'HENRY', 'MAYTA', 'ESCOBAR', 'M', 'SOLTERO', '1992-12-17', '0412-5109193', '0255-3210102', 'river1ing@hotmail.com', 'BELLAS ARTES', 1, NULL, 'activo', NULL);
INSERT INTO `sis_fondas`.`tpersonas` (`idpersona`, `nacionalidad`, `cedula`, `rif`, `nombre`, `seg_nombre`, `apellido`, `seg_apellido`, `sexo`, `edo_civil`, `fecha_naci`, `tel_mov`, `tel_fijo`, `correo`, `direccion`, `idparroquia`, `condicion`, `estatus`, `idusuario`) VALUES (2, 'V', '26273412', NULL, 'KAROLINE', 'STEPHANY', 'SALAS', 'BORGES', 'F', 'SOLTERO', '1997-08-16', '0416-5141776', NULL, 'KAROLINASALAS123@HOTMAIL.COM', 'DURIGUA 4', 1, NULL, 'activo', NULL);

COMMIT;


-- -----------------------------------------------------
-- Data for table `sis_fondas`.`tdepartamento`
-- -----------------------------------------------------
START TRANSACTION;
USE `sis_fondas`;
INSERT INTO `sis_fondas`.`tdepartamento` (`iddepartamento`, `nombre`, `descripcion`, `idtrabajador`, `estatus`, `idusuario`) VALUES (1, 'RECURSOS HUMANOS', 'RECURSOS HUMANOS', NULL, 'activo', NULL);
INSERT INTO `sis_fondas`.`tdepartamento` (`iddepartamento`, `nombre`, `descripcion`, `idtrabajador`, `estatus`, `idusuario`) VALUES (2, 'ARCHIVO', 'ARCHIVO', NULL, 'activo', NULL);
INSERT INTO `sis_fondas`.`tdepartamento` (`iddepartamento`, `nombre`, `descripcion`, `idtrabajador`, `estatus`, `idusuario`) VALUES (3, 'AREA TECNICA', 'AREA TECNICA', NULL, 'activo', NULL);
INSERT INTO `sis_fondas`.`tdepartamento` (`iddepartamento`, `nombre`, `descripcion`, `idtrabajador`, `estatus`, `idusuario`) VALUES (4, 'FINANCIAMIENTO', 'FINANCIAMIENTO', NULL, 'activo', NULL);
INSERT INTO `sis_fondas`.`tdepartamento` (`iddepartamento`, `nombre`, `descripcion`, `idtrabajador`, `estatus`, `idusuario`) VALUES (5, 'COBRANZA', 'COBRANZA', NULL, 'activo', NULL);
INSERT INTO `sis_fondas`.`tdepartamento` (`iddepartamento`, `nombre`, `descripcion`, `idtrabajador`, `estatus`, `idusuario`) VALUES (6, 'LEGAL', 'LEGAL', NULL, 'activo', NULL);
INSERT INTO `sis_fondas`.`tdepartamento` (`iddepartamento`, `nombre`, `descripcion`, `idtrabajador`, `estatus`, `idusuario`) VALUES (7, 'DESARROLLO COMUNAL AGRARIO', 'DESARROLLO COMUNAL AGRARIO', NULL, 'activo', NULL);
INSERT INTO `sis_fondas`.`tdepartamento` (`iddepartamento`, `nombre`, `descripcion`, `idtrabajador`, `estatus`, `idusuario`) VALUES (8, 'COMERCIALIZACION', 'COMERCIALIZACION', NULL, 'activo', NULL);
INSERT INTO `sis_fondas`.`tdepartamento` (`iddepartamento`, `nombre`, `descripcion`, `idtrabajador`, `estatus`, `idusuario`) VALUES (9, 'PRENSA', 'PRENSA', NULL, 'activo', NULL);
INSERT INTO `sis_fondas`.`tdepartamento` (`iddepartamento`, `nombre`, `descripcion`, `idtrabajador`, `estatus`, `idusuario`) VALUES (10, 'ATENCION AL SOBRERANO', 'ATENCION AL SOBRERANO', NULL, 'activo', NULL);

COMMIT;


-- -----------------------------------------------------
-- Data for table `sis_fondas`.`tcargo`
-- -----------------------------------------------------
START TRANSACTION;
USE `sis_fondas`;
INSERT INTO `sis_fondas`.`tcargo` (`idcargo`, `nombre`, `descripcion`, `estatus`, `iddepartamento`, `idusuario`) VALUES (1, 'SECRETARIA', '', 'activo', 10, NULL);
INSERT INTO `sis_fondas`.`tcargo` (`idcargo`, `nombre`, `descripcion`, `estatus`, `iddepartamento`, `idusuario`) VALUES (2, 'ASISTENTE', 'RESPONSABLE DE DEP', 'activo', 2, NULL);
INSERT INTO `sis_fondas`.`tcargo` (`idcargo`, `nombre`, `descripcion`, `estatus`, `iddepartamento`, `idusuario`) VALUES (3, 'JEFE PERSONAL', 'RESPONSABLE DE LA EMPRESA', 'activo', 1, NULL);
INSERT INTO `sis_fondas`.`tcargo` (`idcargo`, `nombre`, `descripcion`, `estatus`, `iddepartamento`, `idusuario`) VALUES (4, 'OBREROS', 'NEW', 'activo', 2, NULL);
INSERT INTO `sis_fondas`.`tcargo` (`idcargo`, `nombre`, `descripcion`, `estatus`, `iddepartamento`, `idusuario`) VALUES (5, 'ESTUDIANTE', 'OK', 'activo', 3, NULL);

COMMIT;


-- -----------------------------------------------------
-- Data for table `sis_fondas`.`tjornada`
-- -----------------------------------------------------
START TRANSACTION;
USE `sis_fondas`;
INSERT INTO `sis_fondas`.`tjornada` (`idjornada`, `nombre`, `descripcion`, `cant_turnos`, `hora_inicio`, `hora_fin`, `hora_inicio2`, `hora_fin2`, `observacion`, `estatus`, `idusuario`) VALUES (1, 'regular', NULL, NULL, DEFAULT, DEFAULT, NULL, NULL, NULL, 'activo', NULL);
INSERT INTO `sis_fondas`.`tjornada` (`idjornada`, `nombre`, `descripcion`, `cant_turnos`, `hora_inicio`, `hora_fin`, `hora_inicio2`, `hora_fin2`, `observacion`, `estatus`, `idusuario`) VALUES (2, 'lactancia', NULL, NULL, DEFAULT, DEFAULT, NULL, NULL, NULL, 'activo', NULL);
INSERT INTO `sis_fondas`.`tjornada` (`idjornada`, `nombre`, `descripcion`, `cant_turnos`, `hora_inicio`, `hora_fin`, `hora_inicio2`, `hora_fin2`, `observacion`, `estatus`, `idusuario`) VALUES (3, 'vigilancia', NULL, NULL, DEFAULT, DEFAULT, NULL, NULL, NULL, 'activo', NULL);

COMMIT;


-- -----------------------------------------------------
-- Data for table `sis_fondas`.`ttrabajador`
-- -----------------------------------------------------
START TRANSACTION;
USE `sis_fondas`;
INSERT INTO `sis_fondas`.`ttrabajador` (`idtrabajador`, `cod_trabajador`, `fecha_ingreso`, `fecha_egreso`, `estatus`, `condicion_trabajador`, `idpersona`, `jefe_departamento`, `idcargo`, `idjornada`, `idusuario`) VALUES (1, NULL, '2016-02-25', NULL, 'activo', 1, 1, NULL, 5, 1, NULL);
INSERT INTO `sis_fondas`.`ttrabajador` (`idtrabajador`, `cod_trabajador`, `fecha_ingreso`, `fecha_egreso`, `estatus`, `condicion_trabajador`, `idpersona`, `jefe_departamento`, `idcargo`, `idjornada`, `idusuario`) VALUES (2, NULL, '2010-06-15', NULL, 'activo', 1, 2, NULL, 5, 1, NULL);

COMMIT;


-- -----------------------------------------------------
-- Data for table `sis_fondas`.`ttipo_usuario`
-- -----------------------------------------------------
START TRANSACTION;
USE `sis_fondas`;
INSERT INTO `sis_fondas`.`ttipo_usuario` (`idtipo_usuario`, `nombre`, `estatus`, `idusuario`) VALUES (1, 'SUPER USUARIO', 'activo', NULL);
INSERT INTO `sis_fondas`.`ttipo_usuario` (`idtipo_usuario`, `nombre`, `estatus`, `idusuario`) VALUES (2, 'JEFE DE RECURSOS HUMANOS', 'activo', NULL);
INSERT INTO `sis_fondas`.`ttipo_usuario` (`idtipo_usuario`, `nombre`, `estatus`, `idusuario`) VALUES (3, 'JEFE DE DEPARTAMENTO', 'activo', NULL);
INSERT INTO `sis_fondas`.`ttipo_usuario` (`idtipo_usuario`, `nombre`, `estatus`, `idusuario`) VALUES (4, 'TRABAJADOR', 'activo', NULL);

COMMIT;


-- -----------------------------------------------------
-- Data for table `sis_fondas`.`tusuario`
-- -----------------------------------------------------
START TRANSACTION;
USE `sis_fondas`;
INSERT INTO `sis_fondas`.`tusuario` (`id_usuario`, `idpersona`, `usuario`, `intento_fallido`, `estatus`, `tiempo_sesion`, `idtipo_usuario`, `ultima_actividad`, `idusuario`) VALUES (1, 1, '8385221', 0, 'activo', 600, 1, NULL, NULL);
INSERT INTO `sis_fondas`.`tusuario` (`id_usuario`, `idpersona`, `usuario`, `intento_fallido`, `estatus`, `tiempo_sesion`, `idtipo_usuario`, `ultima_actividad`, `idusuario`) VALUES (2, 2, '26273412', 0, 'activo', 600, 1, NULL, NULL);

COMMIT;


-- -----------------------------------------------------
-- Data for table `sis_fondas`.`thistorial_clave`
-- -----------------------------------------------------
START TRANSACTION;
USE `sis_fondas`;
INSERT INTO `sis_fondas`.`thistorial_clave` (`idhistorial`, `id_usuario`, `clave`, `fecha_creacion`, `estatus`, `idusuario`) VALUES (1, 1, 'okYdGWac86pSKqdEkuthug==', '0000-00-00', 'activo', NULL);
INSERT INTO `sis_fondas`.`thistorial_clave` (`idhistorial`, `id_usuario`, `clave`, `fecha_creacion`, `estatus`, `idusuario`) VALUES (2, 2, '3ZvYm3ES0juNEJNGGNl00A==', '0000-00-00', 'activo', NULL);

COMMIT;


-- -----------------------------------------------------
-- Data for table `sis_fondas`.`tmodulos`
-- -----------------------------------------------------
START TRANSACTION;
USE `sis_fondas`;
INSERT INTO `sis_fondas`.`tmodulos` (`idmodulo`, `nombre`, `icono`, `posicion`, `estatus`, `idusuario`) VALUES (1, 'CONFIGURACION', 'fa fa-cogs', 2, 'activo', NULL);
INSERT INTO `sis_fondas`.`tmodulos` (`idmodulo`, `nombre`, `icono`, `posicion`, `estatus`, `idusuario`) VALUES (2, 'SEGURIDAD', 'fa fa-lock', 6, 'activo', NULL);
INSERT INTO `sis_fondas`.`tmodulos` (`idmodulo`, `nombre`, `icono`, `posicion`, `estatus`, `idusuario`) VALUES (3, 'ASISTENCIA', 'fa fa-edit', 3, 'activo', NULL);
INSERT INTO `sis_fondas`.`tmodulos` (`idmodulo`, `nombre`, `icono`, `posicion`, `estatus`, `idusuario`) VALUES (4, 'AUSENCIA', 'fa fa-calendar', 4, 'activo', NULL);
INSERT INTO `sis_fondas`.`tmodulos` (`idmodulo`, `nombre`, `icono`, `posicion`, `estatus`, `idusuario`) VALUES (5, 'VACACIONES', 'fa fa-briefcase', 5, 'activo', NULL);
INSERT INTO `sis_fondas`.`tmodulos` (`idmodulo`, `nombre`, `icono`, `posicion`, `estatus`, `idusuario`) VALUES (6, 'AYUDA', 'fa fa-question-circle', 9, 'activo', NULL);
INSERT INTO `sis_fondas`.`tmodulos` (`idmodulo`, `nombre`, `icono`, `posicion`, `estatus`, `idusuario`) VALUES (7, 'ARCHIVO', 'fa fa-folder-open', 1, 'activo', NULL);
INSERT INTO `sis_fondas`.`tmodulos` (`idmodulo`, `nombre`, `icono`, `posicion`, `estatus`, `idusuario`) VALUES (8, 'PERFIL', 'fa fa-address-card', 8, 'activo', NULL);
INSERT INTO `sis_fondas`.`tmodulos` (`idmodulo`, `nombre`, `icono`, `posicion`, `estatus`, `idusuario`) VALUES (9, 'REPORTES', 'fa fa-chart-line', 7, 'activo', NULL);

COMMIT;


-- -----------------------------------------------------
-- Data for table `sis_fondas`.`tboton`
-- -----------------------------------------------------
START TRANSACTION;
USE `sis_fondas`;
INSERT INTO `sis_fondas`.`tboton` (`idboton`, `nombre`, `descripcion`, `icono`, `orden`, `estatus`, `idusuario`) VALUES (1, 'Registrar', 'registrar', 'fa fa-save', 1, 'activo', NULL);
INSERT INTO `sis_fondas`.`tboton` (`idboton`, `nombre`, `descripcion`, `icono`, `orden`, `estatus`, `idusuario`) VALUES (2, 'Modificar', 'modificar', 'fa fa-pencil', 2, 'activo', NULL);
INSERT INTO `sis_fondas`.`tboton` (`idboton`, `nombre`, `descripcion`, `icono`, `orden`, `estatus`, `idusuario`) VALUES (3, 'Borrar', 'borrar', 'fa fa-trash-o', 3, 'activo', NULL);
INSERT INTO `sis_fondas`.`tboton` (`idboton`, `nombre`, `descripcion`, `icono`, `orden`, `estatus`, `idusuario`) VALUES (4, 'Restaurar', 'restaurar', 'fa fa-refresh', 4, 'activo', NULL);
INSERT INTO `sis_fondas`.`tboton` (`idboton`, `nombre`, `descripcion`, `icono`, `orden`, `estatus`, `idusuario`) VALUES (5, 'Procesar', 'procesar', NULL, 1, 'activo', NULL);
INSERT INTO `sis_fondas`.`tboton` (`idboton`, `nombre`, `descripcion`, `icono`, `orden`, `estatus`, `idusuario`) VALUES (6, 'Anular', 'anular', NULL, 2, 'activo', NULL);
INSERT INTO `sis_fondas`.`tboton` (`idboton`, `nombre`, `descripcion`, `icono`, `orden`, `estatus`, `idusuario`) VALUES (7, 'Imprimir', 'generar', 'fa fa-print', 5, 'activo', NULL);
INSERT INTO `sis_fondas`.`tboton` (`idboton`, `nombre`, `descripcion`, `icono`, `orden`, `estatus`, `idusuario`) VALUES (8, 'Leer', 'leer', 'fa fa-book', 0, 'activo', NULL);

COMMIT;


-- -----------------------------------------------------
-- Data for table `sis_fondas`.`tpregunta`
-- -----------------------------------------------------
START TRANSACTION;
USE `sis_fondas`;
INSERT INTO `sis_fondas`.`tpregunta` (`idpregunta`, `nombre`, `estatus`, `idusuario`) VALUES (1, '¿NOMBRE DE SU MASCOTA?', 'activo', NULL);
INSERT INTO `sis_fondas`.`tpregunta` (`idpregunta`, `nombre`, `estatus`, `idusuario`) VALUES (2, '¿PRIMER APELLIDO?', 'activo', NULL);
INSERT INTO `sis_fondas`.`tpregunta` (`idpregunta`, `nombre`, `estatus`, `idusuario`) VALUES (3, '¿SEGUNDO APELLIDO?', 'activo', NULL);
INSERT INTO `sis_fondas`.`tpregunta` (`idpregunta`, `nombre`, `estatus`, `idusuario`) VALUES (4, 'COLOR FAVORITO?', 'activo', NULL);
INSERT INTO `sis_fondas`.`tpregunta` (`idpregunta`, `nombre`, `estatus`, `idusuario`) VALUES (5, '¿LUGAR DE NACIMIENTO?', 'activo', NULL);
INSERT INTO `sis_fondas`.`tpregunta` (`idpregunta`, `nombre`, `estatus`, `idusuario`) VALUES (6, 'PERRO', 'activo', NULL);
INSERT INTO `sis_fondas`.`tpregunta` (`idpregunta`, `nombre`, `estatus`, `idusuario`) VALUES (7, 'COLOR FAVORITO', 'activo', NULL);
INSERT INTO `sis_fondas`.`tpregunta` (`idpregunta`, `nombre`, `estatus`, `idusuario`) VALUES (8, 'LUGAR DE NACIMIENTO', 'activo', NULL);

COMMIT;


-- -----------------------------------------------------
-- Data for table `sis_fondas`.`tvistas`
-- -----------------------------------------------------
START TRANSACTION;
USE `sis_fondas`;
INSERT INTO `sis_fondas`.`tvistas` (`idvista`, `nombre`, `url`, `orden`, `estatus`, `idmodulo`, `idusuario`) VALUES (1, 'Tipo de Usuario', 'Tipo_Usuario', '1', 'activo', 2, NULL);
INSERT INTO `sis_fondas`.`tvistas` (`idvista`, `nombre`, `url`, `orden`, `estatus`, `idmodulo`, `idusuario`) VALUES (2, 'Usuario', 'Usuario', '2', 'activo', 2, NULL);
INSERT INTO `sis_fondas`.`tvistas` (`idvista`, `nombre`, `url`, `orden`, `estatus`, `idmodulo`, `idusuario`) VALUES (3, 'Perfil de Acceso', 'Acceso', '3', 'activo', 2, NULL);
INSERT INTO `sis_fondas`.`tvistas` (`idvista`, `nombre`, `url`, `orden`, `estatus`, `idmodulo`, `idusuario`) VALUES (4, 'Estado', 'Estado', '4', 'activo', 1, NULL);
INSERT INTO `sis_fondas`.`tvistas` (`idvista`, `nombre`, `url`, `orden`, `estatus`, `idmodulo`, `idusuario`) VALUES (5, 'Municipio', 'Municipio', '5', 'activo', 1, NULL);
INSERT INTO `sis_fondas`.`tvistas` (`idvista`, `nombre`, `url`, `orden`, `estatus`, `idmodulo`, `idusuario`) VALUES (6, 'Parroquia', 'Parroquia', '6', 'activo', 1, NULL);
INSERT INTO `sis_fondas`.`tvistas` (`idvista`, `nombre`, `url`, `orden`, `estatus`, `idmodulo`, `idusuario`) VALUES (7, 'Departamento', 'Departamento', '1', 'activo', 7, NULL);
INSERT INTO `sis_fondas`.`tvistas` (`idvista`, `nombre`, `url`, `orden`, `estatus`, `idmodulo`, `idusuario`) VALUES (8, 'Cargo', 'Cargo', '2', 'activo', 7, NULL);
INSERT INTO `sis_fondas`.`tvistas` (`idvista`, `nombre`, `url`, `orden`, `estatus`, `idmodulo`, `idusuario`) VALUES (9, 'Trabajador', 'Trabajador', '4', 'activo', 7, NULL);
INSERT INTO `sis_fondas`.`tvistas` (`idvista`, `nombre`, `url`, `orden`, `estatus`, `idmodulo`, `idusuario`) VALUES (10, 'Modulo', 'Modulo', '1', 'activo', 1, NULL);
INSERT INTO `sis_fondas`.`tvistas` (`idvista`, `nombre`, `url`, `orden`, `estatus`, `idmodulo`, `idusuario`) VALUES (11, 'Vista', 'Vista', '2', 'activo', 1, NULL);
INSERT INTO `sis_fondas`.`tvistas` (`idvista`, `nombre`, `url`, `orden`, `estatus`, `idmodulo`, `idusuario`) VALUES (12, 'Boton', 'Boton', '3', 'activo', 1, NULL);
INSERT INTO `sis_fondas`.`tvistas` (`idvista`, `nombre`, `url`, `orden`, `estatus`, `idmodulo`, `idusuario`) VALUES (13, 'Licencia', 'Licencia', '4', 'activo', 6, NULL);
INSERT INTO `sis_fondas`.`tvistas` (`idvista`, `nombre`, `url`, `orden`, `estatus`, `idmodulo`, `idusuario`) VALUES (14, 'Pregunta', 'Pregunta', '4', 'activo', 2, NULL);
INSERT INTO `sis_fondas`.`tvistas` (`idvista`, `nombre`, `url`, `orden`, `estatus`, `idmodulo`, `idusuario`) VALUES (15, 'Jornada Laboral', 'Jornada', '1', 'activo', 3, NULL);
INSERT INTO `sis_fondas`.`tvistas` (`idvista`, `nombre`, `url`, `orden`, `estatus`, `idmodulo`, `idusuario`) VALUES (16, 'Bitacora de Acceso', 'Bitacora_Acceso', '5', 'activo', 2, NULL);
INSERT INTO `sis_fondas`.`tvistas` (`idvista`, `nombre`, `url`, `orden`, `estatus`, `idmodulo`, `idusuario`) VALUES (17, 'Manual de Usuario', 'Manual_Usuario', '1', 'activo', 6, NULL);
INSERT INTO `sis_fondas`.`tvistas` (`idvista`, `nombre`, `url`, `orden`, `estatus`, `idmodulo`, `idusuario`) VALUES (18, 'Manual de Instalacion', 'Manual_Intralacion', '2', 'activo', 6, NULL);
INSERT INTO `sis_fondas`.`tvistas` (`idvista`, `nombre`, `url`, `orden`, `estatus`, `idmodulo`, `idusuario`) VALUES (19, 'Manual de Sistema', 'Manual_Sistema', '3', 'activo', 6, NULL);
INSERT INTO `sis_fondas`.`tvistas` (`idvista`, `nombre`, `url`, `orden`, `estatus`, `idmodulo`, `idusuario`) VALUES (20, 'Asistencia del Personal', 'Asistencia', '2', 'activo', 3, NULL);
INSERT INTO `sis_fondas`.`tvistas` (`idvista`, `nombre`, `url`, `orden`, `estatus`, `idmodulo`, `idusuario`) VALUES (21, 'Motivo de Permiso', 'Motivo_Permiso', '1', 'activo', 4, NULL);
INSERT INTO `sis_fondas`.`tvistas` (`idvista`, `nombre`, `url`, `orden`, `estatus`, `idmodulo`, `idusuario`) VALUES (22, 'Permiso del Personal', 'Permiso', '4', 'activo', 4, NULL);
INSERT INTO `sis_fondas`.`tvistas` (`idvista`, `nombre`, `url`, `orden`, `estatus`, `idmodulo`, `idusuario`) VALUES (23, 'Solicitar Permiso', 'Solicitar_Permiso', '2', 'activo', 4, NULL);
INSERT INTO `sis_fondas`.`tvistas` (`idvista`, `nombre`, `url`, `orden`, `estatus`, `idmodulo`, `idusuario`) VALUES (24, 'Motivo de Reposo', 'Motivo_Reposo', '5', 'activo', 4, NULL);
INSERT INTO `sis_fondas`.`tvistas` (`idvista`, `nombre`, `url`, `orden`, `estatus`, `idmodulo`, `idusuario`) VALUES (25, 'Reposo del Personal', 'Reposo', '7', 'activo', 4, NULL);
INSERT INTO `sis_fondas`.`tvistas` (`idvista`, `nombre`, `url`, `orden`, `estatus`, `idmodulo`, `idusuario`) VALUES (26, 'Ingresar Reposo', 'Ingresar_Reposo', '5', 'activo', 4, NULL);
INSERT INTO `sis_fondas`.`tvistas` (`idvista`, `nombre`, `url`, `orden`, `estatus`, `idmodulo`, `idusuario`) VALUES (27, 'Cambiar Clave', 'Cambiar_Clave', '2', 'activo', 8, NULL);
INSERT INTO `sis_fondas`.`tvistas` (`idvista`, `nombre`, `url`, `orden`, `estatus`, `idmodulo`, `idusuario`) VALUES (28, 'Cambiar Respuestas de Seguridad', 'Cambiar_Respuestas', '3', 'activo', 8, NULL);
INSERT INTO `sis_fondas`.`tvistas` (`idvista`, `nombre`, `url`, `orden`, `estatus`, `idmodulo`, `idusuario`) VALUES (29, 'Mi Perfil', 'Mi_Perfil', '1', 'activo', 8, NULL);
INSERT INTO `sis_fondas`.`tvistas` (`idvista`, `nombre`, `url`, `orden`, `estatus`, `idmodulo`, `idusuario`) VALUES (30, 'Dias de Semana', 'Dia_Semana', '7', 'activo', 1, NULL);
INSERT INTO `sis_fondas`.`tvistas` (`idvista`, `nombre`, `url`, `orden`, `estatus`, `idmodulo`, `idusuario`) VALUES (31, 'Dias Festivos', 'Dia_Festivo', '8', 'activo', 1, NULL);
INSERT INTO `sis_fondas`.`tvistas` (`idvista`, `nombre`, `url`, `orden`, `estatus`, `idmodulo`, `idusuario`) VALUES (32, 'Solicitar Vacaciones', 'solicitar_vacaciones', '1', 'activo', 5, NULL);
INSERT INTO `sis_fondas`.`tvistas` (`idvista`, `nombre`, `url`, `orden`, `estatus`, `idmodulo`, `idusuario`) VALUES (33, 'Vacacion del Personal', 'vacaciones', '3', 'activo', 5, NULL);
INSERT INTO `sis_fondas`.`tvistas` (`idvista`, `nombre`, `url`, `orden`, `estatus`, `idmodulo`, `idusuario`) VALUES (34, 'Rep Vacaciones', 'Rep_Vacaciones', '5', 'activo', 9, NULL);
INSERT INTO `sis_fondas`.`tvistas` (`idvista`, `nombre`, `url`, `orden`, `estatus`, `idmodulo`, `idusuario`) VALUES (35, 'Rep Permiso', 'Rep_Permiso', '3', 'activo', 9, NULL);
INSERT INTO `sis_fondas`.`tvistas` (`idvista`, `nombre`, `url`, `orden`, `estatus`, `idmodulo`, `idusuario`) VALUES (36, 'Rep Reposo', 'Rep_Reposo', '4', 'activo', 9, NULL);
INSERT INTO `sis_fondas`.`tvistas` (`idvista`, `nombre`, `url`, `orden`, `estatus`, `idmodulo`, `idusuario`) VALUES (37, 'Rep Aistencia', 'Rep_Asistencia', '1', 'activo', 9, NULL);
INSERT INTO `sis_fondas`.`tvistas` (`idvista`, `nombre`, `url`, `orden`, `estatus`, `idmodulo`, `idusuario`) VALUES (38, 'Rep Inasistencia', 'Rep_Inasistencia', '2', 'activo', 9, NULL);
INSERT INTO `sis_fondas`.`tvistas` (`idvista`, `nombre`, `url`, `orden`, `estatus`, `idmodulo`, `idusuario`) VALUES (39, 'Revisar Permisos', 'Revisar_Permisos', '3', 'activo', 4, NULL);
INSERT INTO `sis_fondas`.`tvistas` (`idvista`, `nombre`, `url`, `orden`, `estatus`, `idmodulo`, `idusuario`) VALUES (40, 'Revisar Reposos', 'Revisar_Reposos', '6', 'activo', 4, NULL);
INSERT INTO `sis_fondas`.`tvistas` (`idvista`, `nombre`, `url`, `orden`, `estatus`, `idmodulo`, `idusuario`) VALUES (41, 'Revisar Vacaciones', 'Revisar_Vacaciones', '2', 'activo', 5, NULL);
INSERT INTO `sis_fondas`.`tvistas` (`idvista`, `nombre`, `url`, `orden`, `estatus`, `idmodulo`, `idusuario`) VALUES (42, 'Supervisar Asistencias', 'Supervisar_Asistencias', '3', 'activo', 3, NULL);

COMMIT;


-- -----------------------------------------------------
-- Data for table `sis_fondas`.`tacceso`
-- -----------------------------------------------------
START TRANSACTION;
USE `sis_fondas`;
INSERT INTO `sis_fondas`.`tacceso` (`idacceso`, `idboton`, `idvista`, `idtipo_usuario`, `idusuario`) VALUES (1, 1, 1, 1, NULL);
INSERT INTO `sis_fondas`.`tacceso` (`idacceso`, `idboton`, `idvista`, `idtipo_usuario`, `idusuario`) VALUES (2, 2, 1, 1, NULL);
INSERT INTO `sis_fondas`.`tacceso` (`idacceso`, `idboton`, `idvista`, `idtipo_usuario`, `idusuario`) VALUES (3, 3, 1, 1, NULL);
INSERT INTO `sis_fondas`.`tacceso` (`idacceso`, `idboton`, `idvista`, `idtipo_usuario`, `idusuario`) VALUES (4, 4, 1, 1, NULL);
INSERT INTO `sis_fondas`.`tacceso` (`idacceso`, `idboton`, `idvista`, `idtipo_usuario`, `idusuario`) VALUES (5, 1, 2, 1, NULL);
INSERT INTO `sis_fondas`.`tacceso` (`idacceso`, `idboton`, `idvista`, `idtipo_usuario`, `idusuario`) VALUES (6, 2, 2, 1, NULL);
INSERT INTO `sis_fondas`.`tacceso` (`idacceso`, `idboton`, `idvista`, `idtipo_usuario`, `idusuario`) VALUES (7, 3, 2, 1, NULL);
INSERT INTO `sis_fondas`.`tacceso` (`idacceso`, `idboton`, `idvista`, `idtipo_usuario`, `idusuario`) VALUES (8, 4, 2, 1, NULL);
INSERT INTO `sis_fondas`.`tacceso` (`idacceso`, `idboton`, `idvista`, `idtipo_usuario`, `idusuario`) VALUES (9, 1, 3, 1, NULL);
INSERT INTO `sis_fondas`.`tacceso` (`idacceso`, `idboton`, `idvista`, `idtipo_usuario`, `idusuario`) VALUES (10, 2, 3, 1, NULL);
INSERT INTO `sis_fondas`.`tacceso` (`idacceso`, `idboton`, `idvista`, `idtipo_usuario`, `idusuario`) VALUES (11, 3, 3, 1, NULL);
INSERT INTO `sis_fondas`.`tacceso` (`idacceso`, `idboton`, `idvista`, `idtipo_usuario`, `idusuario`) VALUES (12, 4, 3, 1, NULL);
INSERT INTO `sis_fondas`.`tacceso` (`idacceso`, `idboton`, `idvista`, `idtipo_usuario`, `idusuario`) VALUES (13, 1, 4, 1, NULL);
INSERT INTO `sis_fondas`.`tacceso` (`idacceso`, `idboton`, `idvista`, `idtipo_usuario`, `idusuario`) VALUES (14, 2, 4, 1, NULL);
INSERT INTO `sis_fondas`.`tacceso` (`idacceso`, `idboton`, `idvista`, `idtipo_usuario`, `idusuario`) VALUES (15, 3, 4, 1, NULL);
INSERT INTO `sis_fondas`.`tacceso` (`idacceso`, `idboton`, `idvista`, `idtipo_usuario`, `idusuario`) VALUES (16, 4, 4, 1, NULL);
INSERT INTO `sis_fondas`.`tacceso` (`idacceso`, `idboton`, `idvista`, `idtipo_usuario`, `idusuario`) VALUES (17, 1, 5, 1, NULL);
INSERT INTO `sis_fondas`.`tacceso` (`idacceso`, `idboton`, `idvista`, `idtipo_usuario`, `idusuario`) VALUES (18, 2, 5, 1, NULL);
INSERT INTO `sis_fondas`.`tacceso` (`idacceso`, `idboton`, `idvista`, `idtipo_usuario`, `idusuario`) VALUES (19, 3, 5, 1, NULL);
INSERT INTO `sis_fondas`.`tacceso` (`idacceso`, `idboton`, `idvista`, `idtipo_usuario`, `idusuario`) VALUES (20, 4, 5, 1, NULL);
INSERT INTO `sis_fondas`.`tacceso` (`idacceso`, `idboton`, `idvista`, `idtipo_usuario`, `idusuario`) VALUES (21, 1, 6, 1, NULL);
INSERT INTO `sis_fondas`.`tacceso` (`idacceso`, `idboton`, `idvista`, `idtipo_usuario`, `idusuario`) VALUES (22, 2, 6, 1, NULL);
INSERT INTO `sis_fondas`.`tacceso` (`idacceso`, `idboton`, `idvista`, `idtipo_usuario`, `idusuario`) VALUES (23, 3, 6, 1, NULL);
INSERT INTO `sis_fondas`.`tacceso` (`idacceso`, `idboton`, `idvista`, `idtipo_usuario`, `idusuario`) VALUES (24, 4, 6, 1, NULL);
INSERT INTO `sis_fondas`.`tacceso` (`idacceso`, `idboton`, `idvista`, `idtipo_usuario`, `idusuario`) VALUES (25, 1, 7, 1, NULL);
INSERT INTO `sis_fondas`.`tacceso` (`idacceso`, `idboton`, `idvista`, `idtipo_usuario`, `idusuario`) VALUES (26, 2, 7, 1, NULL);
INSERT INTO `sis_fondas`.`tacceso` (`idacceso`, `idboton`, `idvista`, `idtipo_usuario`, `idusuario`) VALUES (27, 3, 7, 1, NULL);
INSERT INTO `sis_fondas`.`tacceso` (`idacceso`, `idboton`, `idvista`, `idtipo_usuario`, `idusuario`) VALUES (28, 4, 7, 1, NULL);
INSERT INTO `sis_fondas`.`tacceso` (`idacceso`, `idboton`, `idvista`, `idtipo_usuario`, `idusuario`) VALUES (29, 1, 8, 1, NULL);
INSERT INTO `sis_fondas`.`tacceso` (`idacceso`, `idboton`, `idvista`, `idtipo_usuario`, `idusuario`) VALUES (30, 2, 8, 1, NULL);
INSERT INTO `sis_fondas`.`tacceso` (`idacceso`, `idboton`, `idvista`, `idtipo_usuario`, `idusuario`) VALUES (31, 3, 8, 1, NULL);
INSERT INTO `sis_fondas`.`tacceso` (`idacceso`, `idboton`, `idvista`, `idtipo_usuario`, `idusuario`) VALUES (32, 4, 8, 1, NULL);
INSERT INTO `sis_fondas`.`tacceso` (`idacceso`, `idboton`, `idvista`, `idtipo_usuario`, `idusuario`) VALUES (33, 1, 9, 1, NULL);
INSERT INTO `sis_fondas`.`tacceso` (`idacceso`, `idboton`, `idvista`, `idtipo_usuario`, `idusuario`) VALUES (34, 2, 9, 1, NULL);
INSERT INTO `sis_fondas`.`tacceso` (`idacceso`, `idboton`, `idvista`, `idtipo_usuario`, `idusuario`) VALUES (35, 3, 9, 1, NULL);
INSERT INTO `sis_fondas`.`tacceso` (`idacceso`, `idboton`, `idvista`, `idtipo_usuario`, `idusuario`) VALUES (36, 4, 9, 1, NULL);
INSERT INTO `sis_fondas`.`tacceso` (`idacceso`, `idboton`, `idvista`, `idtipo_usuario`, `idusuario`) VALUES (37, 1, 10, 1, NULL);
INSERT INTO `sis_fondas`.`tacceso` (`idacceso`, `idboton`, `idvista`, `idtipo_usuario`, `idusuario`) VALUES (38, 2, 10, 1, NULL);
INSERT INTO `sis_fondas`.`tacceso` (`idacceso`, `idboton`, `idvista`, `idtipo_usuario`, `idusuario`) VALUES (39, 3, 10, 1, NULL);
INSERT INTO `sis_fondas`.`tacceso` (`idacceso`, `idboton`, `idvista`, `idtipo_usuario`, `idusuario`) VALUES (40, 4, 10, 1, NULL);
INSERT INTO `sis_fondas`.`tacceso` (`idacceso`, `idboton`, `idvista`, `idtipo_usuario`, `idusuario`) VALUES (41, 1, 11, 1, NULL);
INSERT INTO `sis_fondas`.`tacceso` (`idacceso`, `idboton`, `idvista`, `idtipo_usuario`, `idusuario`) VALUES (42, 2, 11, 1, NULL);
INSERT INTO `sis_fondas`.`tacceso` (`idacceso`, `idboton`, `idvista`, `idtipo_usuario`, `idusuario`) VALUES (43, 3, 11, 1, NULL);
INSERT INTO `sis_fondas`.`tacceso` (`idacceso`, `idboton`, `idvista`, `idtipo_usuario`, `idusuario`) VALUES (44, 4, 11, 1, NULL);
INSERT INTO `sis_fondas`.`tacceso` (`idacceso`, `idboton`, `idvista`, `idtipo_usuario`, `idusuario`) VALUES (45, 1, 12, 1, NULL);
INSERT INTO `sis_fondas`.`tacceso` (`idacceso`, `idboton`, `idvista`, `idtipo_usuario`, `idusuario`) VALUES (46, 2, 12, 1, NULL);
INSERT INTO `sis_fondas`.`tacceso` (`idacceso`, `idboton`, `idvista`, `idtipo_usuario`, `idusuario`) VALUES (47, 3, 12, 1, NULL);
INSERT INTO `sis_fondas`.`tacceso` (`idacceso`, `idboton`, `idvista`, `idtipo_usuario`, `idusuario`) VALUES (48, 4, 12, 1, NULL);
INSERT INTO `sis_fondas`.`tacceso` (`idacceso`, `idboton`, `idvista`, `idtipo_usuario`, `idusuario`) VALUES (49, 1, 13, 1, NULL);
INSERT INTO `sis_fondas`.`tacceso` (`idacceso`, `idboton`, `idvista`, `idtipo_usuario`, `idusuario`) VALUES (50, 2, 17, 1, NULL);
INSERT INTO `sis_fondas`.`tacceso` (`idacceso`, `idboton`, `idvista`, `idtipo_usuario`, `idusuario`) VALUES (51, 3, 18, 1, NULL);
INSERT INTO `sis_fondas`.`tacceso` (`idacceso`, `idboton`, `idvista`, `idtipo_usuario`, `idusuario`) VALUES (52, 4, 19, 1, NULL);
INSERT INTO `sis_fondas`.`tacceso` (`idacceso`, `idboton`, `idvista`, `idtipo_usuario`, `idusuario`) VALUES (53, 1, 14, 1, NULL);
INSERT INTO `sis_fondas`.`tacceso` (`idacceso`, `idboton`, `idvista`, `idtipo_usuario`, `idusuario`) VALUES (54, 2, 14, 1, NULL);
INSERT INTO `sis_fondas`.`tacceso` (`idacceso`, `idboton`, `idvista`, `idtipo_usuario`, `idusuario`) VALUES (55, 3, 14, 1, NULL);
INSERT INTO `sis_fondas`.`tacceso` (`idacceso`, `idboton`, `idvista`, `idtipo_usuario`, `idusuario`) VALUES (56, 4, 14, 1, NULL);
INSERT INTO `sis_fondas`.`tacceso` (`idacceso`, `idboton`, `idvista`, `idtipo_usuario`, `idusuario`) VALUES (57, 1, 15, 1, NULL);
INSERT INTO `sis_fondas`.`tacceso` (`idacceso`, `idboton`, `idvista`, `idtipo_usuario`, `idusuario`) VALUES (58, 2, 15, 1, NULL);
INSERT INTO `sis_fondas`.`tacceso` (`idacceso`, `idboton`, `idvista`, `idtipo_usuario`, `idusuario`) VALUES (59, 3, 15, 1, NULL);
INSERT INTO `sis_fondas`.`tacceso` (`idacceso`, `idboton`, `idvista`, `idtipo_usuario`, `idusuario`) VALUES (60, 4, 15, 1, NULL);
INSERT INTO `sis_fondas`.`tacceso` (`idacceso`, `idboton`, `idvista`, `idtipo_usuario`, `idusuario`) VALUES (61, 8, 16, 1, NULL);
INSERT INTO `sis_fondas`.`tacceso` (`idacceso`, `idboton`, `idvista`, `idtipo_usuario`, `idusuario`) VALUES (62, 1, 20, 1, NULL);
INSERT INTO `sis_fondas`.`tacceso` (`idacceso`, `idboton`, `idvista`, `idtipo_usuario`, `idusuario`) VALUES (63, 2, 20, 1, NULL);
INSERT INTO `sis_fondas`.`tacceso` (`idacceso`, `idboton`, `idvista`, `idtipo_usuario`, `idusuario`) VALUES (64, 1, 21, 1, NULL);
INSERT INTO `sis_fondas`.`tacceso` (`idacceso`, `idboton`, `idvista`, `idtipo_usuario`, `idusuario`) VALUES (65, 2, 21, 1, NULL);
INSERT INTO `sis_fondas`.`tacceso` (`idacceso`, `idboton`, `idvista`, `idtipo_usuario`, `idusuario`) VALUES (66, 1, 22, 1, NULL);
INSERT INTO `sis_fondas`.`tacceso` (`idacceso`, `idboton`, `idvista`, `idtipo_usuario`, `idusuario`) VALUES (67, 2, 22, 1, NULL);
INSERT INTO `sis_fondas`.`tacceso` (`idacceso`, `idboton`, `idvista`, `idtipo_usuario`, `idusuario`) VALUES (68, 1, 23, 1, NULL);
INSERT INTO `sis_fondas`.`tacceso` (`idacceso`, `idboton`, `idvista`, `idtipo_usuario`, `idusuario`) VALUES (69, 2, 23, 1, NULL);
INSERT INTO `sis_fondas`.`tacceso` (`idacceso`, `idboton`, `idvista`, `idtipo_usuario`, `idusuario`) VALUES (70, 2, 24, 1, NULL);
INSERT INTO `sis_fondas`.`tacceso` (`idacceso`, `idboton`, `idvista`, `idtipo_usuario`, `idusuario`) VALUES (71, 2, 25, 1, NULL);
INSERT INTO `sis_fondas`.`tacceso` (`idacceso`, `idboton`, `idvista`, `idtipo_usuario`, `idusuario`) VALUES (72, 2, 26, 1, NULL);
INSERT INTO `sis_fondas`.`tacceso` (`idacceso`, `idboton`, `idvista`, `idtipo_usuario`, `idusuario`) VALUES (73, 1, 27, 1, NULL);
INSERT INTO `sis_fondas`.`tacceso` (`idacceso`, `idboton`, `idvista`, `idtipo_usuario`, `idusuario`) VALUES (74, 2, 27, 1, NULL);
INSERT INTO `sis_fondas`.`tacceso` (`idacceso`, `idboton`, `idvista`, `idtipo_usuario`, `idusuario`) VALUES (75, 1, 28, 1, NULL);
INSERT INTO `sis_fondas`.`tacceso` (`idacceso`, `idboton`, `idvista`, `idtipo_usuario`, `idusuario`) VALUES (76, 2, 28, 1, NULL);
INSERT INTO `sis_fondas`.`tacceso` (`idacceso`, `idboton`, `idvista`, `idtipo_usuario`, `idusuario`) VALUES (77, 1, 29, 1, NULL);
INSERT INTO `sis_fondas`.`tacceso` (`idacceso`, `idboton`, `idvista`, `idtipo_usuario`, `idusuario`) VALUES (78, 2, 29, 1, NULL);
INSERT INTO `sis_fondas`.`tacceso` (`idacceso`, `idboton`, `idvista`, `idtipo_usuario`, `idusuario`) VALUES (79, 7, 33, 1, NULL);
INSERT INTO `sis_fondas`.`tacceso` (`idacceso`, `idboton`, `idvista`, `idtipo_usuario`, `idusuario`) VALUES (80, 7, 34, 1, NULL);
INSERT INTO `sis_fondas`.`tacceso` (`idacceso`, `idboton`, `idvista`, `idtipo_usuario`, `idusuario`) VALUES (81, 7, 35, 1, NULL);
INSERT INTO `sis_fondas`.`tacceso` (`idacceso`, `idboton`, `idvista`, `idtipo_usuario`, `idusuario`) VALUES (82, 7, 36, 1, NULL);
INSERT INTO `sis_fondas`.`tacceso` (`idacceso`, `idboton`, `idvista`, `idtipo_usuario`, `idusuario`) VALUES (83, 1, 30, 1, NULL);
INSERT INTO `sis_fondas`.`tacceso` (`idacceso`, `idboton`, `idvista`, `idtipo_usuario`, `idusuario`) VALUES (84, 2, 30, 1, NULL);
INSERT INTO `sis_fondas`.`tacceso` (`idacceso`, `idboton`, `idvista`, `idtipo_usuario`, `idusuario`) VALUES (85, 3, 30, 1, NULL);
INSERT INTO `sis_fondas`.`tacceso` (`idacceso`, `idboton`, `idvista`, `idtipo_usuario`, `idusuario`) VALUES (86, 1, 32, 1, NULL);
INSERT INTO `sis_fondas`.`tacceso` (`idacceso`, `idboton`, `idvista`, `idtipo_usuario`, `idusuario`) VALUES (87, 2, 32, 1, NULL);
INSERT INTO `sis_fondas`.`tacceso` (`idacceso`, `idboton`, `idvista`, `idtipo_usuario`, `idusuario`) VALUES (88, 3, 32, 1, NULL);

COMMIT;


-- -----------------------------------------------------
-- Data for table `sis_fondas`.`trespuesta`
-- -----------------------------------------------------
START TRANSACTION;
USE `sis_fondas`;
INSERT INTO `sis_fondas`.`trespuesta` (`idrespuesta`, `nombre`, `estatus`, `idpregunta`, `id_usuario`, `idusuario`) VALUES (1, 'mayta', 'activo', 2, 1, NULL);
INSERT INTO `sis_fondas`.`trespuesta` (`idrespuesta`, `nombre`, `estatus`, `idpregunta`, `id_usuario`, `idusuario`) VALUES (2, 'escobar', 'activo', 3, 1, NULL);
INSERT INTO `sis_fondas`.`trespuesta` (`idrespuesta`, `nombre`, `estatus`, `idpregunta`, `id_usuario`, `idusuario`) VALUES (3, 'salas', 'activo', 2, 2, NULL);
INSERT INTO `sis_fondas`.`trespuesta` (`idrespuesta`, `nombre`, `estatus`, `idpregunta`, `id_usuario`, `idusuario`) VALUES (4, 'borges', 'activo', 3, 2, NULL);

COMMIT;


-- -----------------------------------------------------
-- Data for table `sis_fondas`.`tmotivo_permiso`
-- -----------------------------------------------------
START TRANSACTION;
USE `sis_fondas`;
INSERT INTO `sis_fondas`.`tmotivo_permiso` (`idmotivo_permiso`, `nombre`, `cantidad_dias`, `cantidad_tiempo`, `estatus`, `idusuario`) VALUES (1, 'Descanso Nro 1 por lactancia', NULL, 1800, 'activo', NULL);
INSERT INTO `sis_fondas`.`tmotivo_permiso` (`idmotivo_permiso`, `nombre`, `cantidad_dias`, `cantidad_tiempo`, `estatus`, `idusuario`) VALUES (2, 'Descanso Nro 2 por lactancia', NULL, 1800, 'activo', NULL);
INSERT INTO `sis_fondas`.`tmotivo_permiso` (`idmotivo_permiso`, `nombre`, `cantidad_dias`, `cantidad_tiempo`, `estatus`, `idusuario`) VALUES (3, 'Descanso por lactancia', NULL, 5400, 'activo', NULL);
INSERT INTO `sis_fondas`.`tmotivo_permiso` (`idmotivo_permiso`, `nombre`, `cantidad_dias`, `cantidad_tiempo`, `estatus`, `idusuario`) VALUES (4, 'Nacimiento de hijo', 14, NULL, 'activo', NULL);
INSERT INTO `sis_fondas`.`tmotivo_permiso` (`idmotivo_permiso`, `nombre`, `cantidad_dias`, `cantidad_tiempo`, `estatus`, `idusuario`) VALUES (5, 'Enfermedad grave de hijo', 14, NULL, 'activo', NULL);
INSERT INTO `sis_fondas`.`tmotivo_permiso` (`idmotivo_permiso`, `nombre`, `cantidad_dias`, `cantidad_tiempo`, `estatus`, `idusuario`) VALUES (6, 'Consulta prenatal nro 1', NULL, 21600, 'activo', NULL);
INSERT INTO `sis_fondas`.`tmotivo_permiso` (`idmotivo_permiso`, `nombre`, `cantidad_dias`, `cantidad_tiempo`, `estatus`, `idusuario`) VALUES (7, 'Consulta prenatal nro 2', NULL, 21600, 'activo', NULL);
INSERT INTO `sis_fondas`.`tmotivo_permiso` (`idmotivo_permiso`, `nombre`, `cantidad_dias`, `cantidad_tiempo`, `estatus`, `idusuario`) VALUES (8, 'Consulta prenatal', 1, NULL, 'activo', NULL);
INSERT INTO `sis_fondas`.`tmotivo_permiso` (`idmotivo_permiso`, `nombre`, `cantidad_dias`, `cantidad_tiempo`, `estatus`, `idusuario`) VALUES (9, 'Cuidado de infante -1 año', 1, NULL, 'activo', NULL);
INSERT INTO `sis_fondas`.`tmotivo_permiso` (`idmotivo_permiso`, `nombre`, `cantidad_dias`, `cantidad_tiempo`, `estatus`, `idusuario`) VALUES (10, 'Muerte de familiar', NULL, NULL, 'activo', NULL);
INSERT INTO `sis_fondas`.`tmotivo_permiso` (`idmotivo_permiso`, `nombre`, `cantidad_dias`, `cantidad_tiempo`, `estatus`, `idusuario`) VALUES (11, 'Enfermedad conyugue', NULL, NULL, 'activo', NULL);

COMMIT;


-- -----------------------------------------------------
-- Data for table `sis_fondas`.`tdia_feriado`
-- -----------------------------------------------------
START TRANSACTION;
USE `sis_fondas`;
INSERT INTO `sis_fondas`.`tdia_feriado` (`iddia_feriado`, `fecha`, `nombre`, `repite_anualmente`, `estatus`, `idusuario`) VALUES (1, '0000-01-01', 'año nuevo', 'si', 'activo', NULL);
INSERT INTO `sis_fondas`.`tdia_feriado` (`iddia_feriado`, `fecha`, `nombre`, `repite_anualmente`, `estatus`, `idusuario`) VALUES (2, '0000-04-19', 'declaracion de la independencia', 'si', 'activo', NULL);
INSERT INTO `sis_fondas`.`tdia_feriado` (`iddia_feriado`, `fecha`, `nombre`, `repite_anualmente`, `estatus`, `idusuario`) VALUES (3, '0000-05-01', 'dia del trabajo', 'si', 'activo', NULL);
INSERT INTO `sis_fondas`.`tdia_feriado` (`iddia_feriado`, `fecha`, `nombre`, `repite_anualmente`, `estatus`, `idusuario`) VALUES (4, '0000-06-24', 'batalla de carabobo', 'si', 'activo', NULL);
INSERT INTO `sis_fondas`.`tdia_feriado` (`iddia_feriado`, `fecha`, `nombre`, `repite_anualmente`, `estatus`, `idusuario`) VALUES (5, '0000-07-05', 'dia de independencia', 'si', 'activo', NULL);
INSERT INTO `sis_fondas`.`tdia_feriado` (`iddia_feriado`, `fecha`, `nombre`, `repite_anualmente`, `estatus`, `idusuario`) VALUES (6, '0000-07-24', 'natalicio de simon bolivar', 'si', 'activo', NULL);
INSERT INTO `sis_fondas`.`tdia_feriado` (`iddia_feriado`, `fecha`, `nombre`, `repite_anualmente`, `estatus`, `idusuario`) VALUES (7, '0000-10-12', 'dia de la resistencia indigena', 'si', 'activo', NULL);
INSERT INTO `sis_fondas`.`tdia_feriado` (`iddia_feriado`, `fecha`, `nombre`, `repite_anualmente`, `estatus`, `idusuario`) VALUES (8, '0000-12-24', 'vispera de navidad', 'si', 'activo', NULL);
INSERT INTO `sis_fondas`.`tdia_feriado` (`iddia_feriado`, `fecha`, `nombre`, `repite_anualmente`, `estatus`, `idusuario`) VALUES (9, '0000-12-25', 'navidad', 'si', 'activo', NULL);
INSERT INTO `sis_fondas`.`tdia_feriado` (`iddia_feriado`, `fecha`, `nombre`, `repite_anualmente`, `estatus`, `idusuario`) VALUES (10, '0000-12-31', 'fin de año', 'si', 'activo', NULL);

COMMIT;


-- -----------------------------------------------------
-- Data for table `sis_fondas`.`tdia_semana`
-- -----------------------------------------------------
START TRANSACTION;
USE `sis_fondas`;
INSERT INTO `sis_fondas`.`tdia_semana` (`iddia_semana`, `nombre`, `nro_dia`, `estatus`, `idusuario`) VALUES (1, 'lunes', '1', 'activo', NULL);
INSERT INTO `sis_fondas`.`tdia_semana` (`iddia_semana`, `nombre`, `nro_dia`, `estatus`, `idusuario`) VALUES (2, 'martes', '2', 'activo', NULL);
INSERT INTO `sis_fondas`.`tdia_semana` (`iddia_semana`, `nombre`, `nro_dia`, `estatus`, `idusuario`) VALUES (3, 'miercoles', '3', 'activo', NULL);
INSERT INTO `sis_fondas`.`tdia_semana` (`iddia_semana`, `nombre`, `nro_dia`, `estatus`, `idusuario`) VALUES (4, 'jueves', '4', 'activo', NULL);
INSERT INTO `sis_fondas`.`tdia_semana` (`iddia_semana`, `nombre`, `nro_dia`, `estatus`, `idusuario`) VALUES (5, 'viernes', '5', 'activo', NULL);
INSERT INTO `sis_fondas`.`tdia_semana` (`iddia_semana`, `nombre`, `nro_dia`, `estatus`, `idusuario`) VALUES (6, 'sabado', '6', 'activo', NULL);
INSERT INTO `sis_fondas`.`tdia_semana` (`iddia_semana`, `nombre`, `nro_dia`, `estatus`, `idusuario`) VALUES (7, 'domingo', '7', 'activo', NULL);

COMMIT;


-- -----------------------------------------------------
-- Data for table `sis_fondas`.`tdetalle_jornada`
-- -----------------------------------------------------
START TRANSACTION;
USE `sis_fondas`;
INSERT INTO `sis_fondas`.`tdetalle_jornada` (`iddetalle_jornada`, `idjornada`, `iddia_semana`, `estatus`, `idusuario`) VALUES (1, 1, 1, 'activo', NULL);
INSERT INTO `sis_fondas`.`tdetalle_jornada` (`iddetalle_jornada`, `idjornada`, `iddia_semana`, `estatus`, `idusuario`) VALUES (2, 1, 2, 'activo', NULL);
INSERT INTO `sis_fondas`.`tdetalle_jornada` (`iddetalle_jornada`, `idjornada`, `iddia_semana`, `estatus`, `idusuario`) VALUES (3, 1, 3, 'activo', NULL);
INSERT INTO `sis_fondas`.`tdetalle_jornada` (`iddetalle_jornada`, `idjornada`, `iddia_semana`, `estatus`, `idusuario`) VALUES (4, 1, 4, 'activo', NULL);
INSERT INTO `sis_fondas`.`tdetalle_jornada` (`iddetalle_jornada`, `idjornada`, `iddia_semana`, `estatus`, `idusuario`) VALUES (5, 1, 5, 'activo', NULL);
INSERT INTO `sis_fondas`.`tdetalle_jornada` (`iddetalle_jornada`, `idjornada`, `iddia_semana`, `estatus`, `idusuario`) VALUES (6, 2, 1, 'activo', NULL);
INSERT INTO `sis_fondas`.`tdetalle_jornada` (`iddetalle_jornada`, `idjornada`, `iddia_semana`, `estatus`, `idusuario`) VALUES (7, 2, 2, 'activo', NULL);
INSERT INTO `sis_fondas`.`tdetalle_jornada` (`iddetalle_jornada`, `idjornada`, `iddia_semana`, `estatus`, `idusuario`) VALUES (8, 2, 3, 'activo', NULL);
INSERT INTO `sis_fondas`.`tdetalle_jornada` (`iddetalle_jornada`, `idjornada`, `iddia_semana`, `estatus`, `idusuario`) VALUES (9, 2, 4, 'activo', NULL);
INSERT INTO `sis_fondas`.`tdetalle_jornada` (`iddetalle_jornada`, `idjornada`, `iddia_semana`, `estatus`, `idusuario`) VALUES (10, 2, 5, 'activo', NULL);
INSERT INTO `sis_fondas`.`tdetalle_jornada` (`iddetalle_jornada`, `idjornada`, `iddia_semana`, `estatus`, `idusuario`) VALUES (11, 3, 1, 'activo', NULL);
INSERT INTO `sis_fondas`.`tdetalle_jornada` (`iddetalle_jornada`, `idjornada`, `iddia_semana`, `estatus`, `idusuario`) VALUES (12, 3, 2, 'activo', NULL);
INSERT INTO `sis_fondas`.`tdetalle_jornada` (`iddetalle_jornada`, `idjornada`, `iddia_semana`, `estatus`, `idusuario`) VALUES (13, 3, 3, 'activo', NULL);
INSERT INTO `sis_fondas`.`tdetalle_jornada` (`iddetalle_jornada`, `idjornada`, `iddia_semana`, `estatus`, `idusuario`) VALUES (14, 3, 4, 'activo', NULL);
INSERT INTO `sis_fondas`.`tdetalle_jornada` (`iddetalle_jornada`, `idjornada`, `iddia_semana`, `estatus`, `idusuario`) VALUES (15, 3, 5, 'activo', NULL);

COMMIT;


-- -----------------------------------------------------
-- Data for table `sis_fondas`.`tmotivo_reposo`
-- -----------------------------------------------------
START TRANSACTION;
USE `sis_fondas`;
INSERT INTO `sis_fondas`.`tmotivo_reposo` (`idmotivo_reposo`, `nombre`, `cantidad_dias`, `cantidad_tiempo`, `estatus`, `idusuario`) VALUES (1, 'Accidente (incapacidad)', 364, NULL, 'activo', NULL);
INSERT INTO `sis_fondas`.`tmotivo_reposo` (`idmotivo_reposo`, `nombre`, `cantidad_dias`, `cantidad_tiempo`, `estatus`, `idusuario`) VALUES (2, 'Vacaciones. Int por accidente', 15, NULL, 'activo', NULL);
INSERT INTO `sis_fondas`.`tmotivo_reposo` (`idmotivo_reposo`, `nombre`, `cantidad_dias`, `cantidad_tiempo`, `estatus`, `idusuario`) VALUES (3, 'Enfermedad familiar', 11, NULL, 'activo', NULL);
INSERT INTO `sis_fondas`.`tmotivo_reposo` (`idmotivo_reposo`, `nombre`, `cantidad_dias`, `cantidad_tiempo`, `estatus`, `idusuario`) VALUES (4, 'Reposo pre-natal', 42, NULL, 'activo', NULL);
INSERT INTO `sis_fondas`.`tmotivo_reposo` (`idmotivo_reposo`, `nombre`, `cantidad_dias`, `cantidad_tiempo`, `estatus`, `idusuario`) VALUES (5, 'Reposo post-natal', 140, NULL, 'activo', NULL);
INSERT INTO `sis_fondas`.`tmotivo_reposo` (`idmotivo_reposo`, `nombre`, `cantidad_dias`, `cantidad_tiempo`, `estatus`, `idusuario`) VALUES (6, 'Operacion conyugue', NULL, NULL, 'activo', NULL);
INSERT INTO `sis_fondas`.`tmotivo_reposo` (`idmotivo_reposo`, `nombre`, `cantidad_dias`, `cantidad_tiempo`, `estatus`, `idusuario`) VALUES (7, 'Accidente, enfermedad grave, intervension quirurgica', 4, NULL, 'activo', NULL);
INSERT INTO `sis_fondas`.`tmotivo_reposo` (`idmotivo_reposo`, `nombre`, `cantidad_dias`, `cantidad_tiempo`, `estatus`, `idusuario`) VALUES (8, 'Adopcion niño -3 años', 182, NULL, 'activo', NULL);

COMMIT;


-- -----------------------------------------------------
-- Data for table `sis_fondas`.`tconfiguracion`
-- -----------------------------------------------------
START TRANSACTION;
USE `sis_fondas`;
INSERT INTO `sis_fondas`.`tconfiguracion` (`idconfiguracion`, `dias_vence_clave`, `max_intentos_login`, `max_rango_clave`, `estatus`, `idusuario`) VALUES (1, 90, 3, 5, 'activo', NULL);

COMMIT;

